[
  {
    "fields": {
      "domain": "example.com",
      "name": "example.com"
    },
    "model": "sites.site",
    "pk": 1
  },
  {
    "fields": {
      "content_id": 1,
      "content_type": 22,
      "portlet_id": 1,
      "portlet_type": 73,
      "position": 999,
      "slot": 2
    },
    "model": "portlets.portletassignment",
    "pk": 1
  },
  {
    "fields": {
      "content_id": 1,
      "content_type": 22,
      "portlet_id": 1,
      "portlet_type": 74,
      "position": 999,
      "slot": 1
    },
    "model": "portlets.portletassignment",
    "pk": 2
  },
  {
    "fields": {
      "content_id": 1,
      "content_type": 22,
      "portlet_id": 1,
      "portlet_type": 76,
      "position": 999,
      "slot": 1
    },
    "model": "portlets.portletassignment",
    "pk": 3
  },
  {
    "fields": {
      "active": true,
      "name": "Average Rating",
      "type": "averageratingportlet"
    },
    "model": "portlets.portletregistration",
    "pk": 1
  },
  {
    "fields": {
      "active": true,
      "name": "Cart",
      "type": "cartportlet"
    },
    "model": "portlets.portletregistration",
    "pk": 2
  },
  {
    "fields": {
      "active": true,
      "name": "Categories",
      "type": "categoriesportlet"
    },
    "model": "portlets.portletregistration",
    "pk": 3
  },
  {
    "fields": {
      "active": true,
      "name": "Delivery Time",
      "type": "deliverytimeportlet"
    },
    "model": "portlets.portletregistration",
    "pk": 4
  },
  {
    "fields": {
      "active": true,
      "name": "Featured Products",
      "type": "featuredportlet"
    },
    "model": "portlets.portletregistration",
    "pk": 12
  },
  {
    "fields": {
      "active": true,
      "name": "Filter",
      "type": "filterportlet"
    },
    "model": "portlets.portletregistration",
    "pk": 5
  },
  {
    "fields": {
      "active": true,
      "name": "For sale",
      "type": "forsaleportlet"
    },
    "model": "portlets.portletregistration",
    "pk": 11
  },
  {
    "fields": {
      "active": true,
      "name": "Latest Products",
      "type": "latestportlet"
    },
    "model": "portlets.portletregistration",
    "pk": 13
  },
  {
    "fields": {
      "active": true,
      "name": "Pages",
      "type": "pagesportlet"
    },
    "model": "portlets.portletregistration",
    "pk": 6
  },
  {
    "fields": {
      "active": true,
      "name": "Recent Products",
      "type": "recentproductsportlet"
    },
    "model": "portlets.portletregistration",
    "pk": 7
  },
  {
    "fields": {
      "active": true,
      "name": "Related Products",
      "type": "relatedproductsportlet"
    },
    "model": "portlets.portletregistration",
    "pk": 8
  },
  {
    "fields": {
      "active": true,
      "name": "Text",
      "type": "textportlet"
    },
    "model": "portlets.portletregistration",
    "pk": 9
  },
  {
    "fields": {
      "active": true,
      "name": "Topseller",
      "type": "topsellerportlet"
    },
    "model": "portlets.portletregistration",
    "pk": 10
  },
  {
    "fields": {
      "name": "Left"
    },
    "model": "portlets.slot",
    "pk": 1
  },
  {
    "fields": {
      "name": "Right"
    },
    "model": "portlets.slot",
    "pk": 2
  },
  {
    "fields": {
      "city": "",
      "country": 1,
      "customer": null,
      "firstname": "",
      "lastname": "",
      "line1": null,
      "line2": null,
      "order": null,
      "state": null,
      "zip_code": ""
    },
    "model": "addresses.baseaddress",
    "pk": 1
  },
  {
    "fields": {
      "city": "",
      "country": 1,
      "customer": null,
      "firstname": "",
      "lastname": "",
      "line1": null,
      "line2": null,
      "order": null,
      "state": null,
      "zip_code": ""
    },
    "model": "addresses.baseaddress",
    "pk": 2
  },
  {
    "fields": {
      "city": "",
      "country": 1,
      "customer": null,
      "firstname": "",
      "lastname": "",
      "line1": null,
      "line2": null,
      "order": null,
      "state": null,
      "zip_code": ""
    },
    "model": "addresses.baseaddress",
    "pk": 3
  },
  {
    "fields": {
      "city": "",
      "country": 1,
      "customer": null,
      "firstname": "",
      "lastname": "",
      "line1": null,
      "line2": null,
      "order": null,
      "state": null,
      "zip_code": ""
    },
    "model": "addresses.baseaddress",
    "pk": 4
  },
  {
    "fields": {
      "city": "",
      "country": 1,
      "customer": null,
      "firstname": "",
      "lastname": "",
      "line1": null,
      "line2": null,
      "order": null,
      "state": null,
      "zip_code": ""
    },
    "model": "addresses.baseaddress",
    "pk": 5
  },
  {
    "fields": {
      "city": "",
      "country": 1,
      "customer": null,
      "firstname": "",
      "lastname": "",
      "line1": null,
      "line2": null,
      "order": null,
      "state": null,
      "zip_code": ""
    },
    "model": "addresses.baseaddress",
    "pk": 6
  },
  {
    "fields": {
      "company_name": null,
      "email": null,
      "phone": null
    },
    "model": "addresses.address",
    "pk": 1
  },
  {
    "fields": {
      "company_name": null,
      "email": null,
      "phone": null
    },
    "model": "addresses.address",
    "pk": 2
  },
  {
    "fields": {
      "company_name": null,
      "email": null,
      "phone": null
    },
    "model": "addresses.address",
    "pk": 3
  },
  {
    "fields": {
      "company_name": null,
      "email": null,
      "phone": null
    },
    "model": "addresses.address",
    "pk": 4
  },
  {
    "fields": {
      "company_name": null,
      "email": null,
      "phone": null
    },
    "model": "addresses.address",
    "pk": 5
  },
  {
    "fields": {
      "company_name": null,
      "email": null,
      "phone": null
    },
    "model": "addresses.address",
    "pk": 6
  },
  {
    "fields": {
      "code": "us",
      "name": "USA"
    },
    "model": "core.country",
    "pk": 1
  },
  {
    "fields": {
      "name": "Footer"
    },
    "model": "core.actiongroup",
    "pk": 2
  },
  {
    "fields": {
      "name": "Tabs"
    },
    "model": "core.actiongroup",
    "pk": 1
  },
  {
    "fields": {
      "active": true,
      "group": 1,
      "link": "/contact",
      "parent": null,
      "position": 1,
      "title": "Contact"
    },
    "model": "core.action",
    "pk": 1
  },
  {
    "fields": {
      "active": true,
      "group": 2,
      "link": "/page/terms-and-conditions",
      "parent": null,
      "position": 1,
      "title": "Terms and Conditions"
    },
    "model": "core.action",
    "pk": 2
  },
  {
    "fields": {
      "active": true,
      "group": 2,
      "link": "/page/imprint",
      "parent": null,
      "position": 2,
      "title": "Imprint"
    },
    "model": "core.action",
    "pk": 3
  },
  {
    "fields": {
      "category_cols": 1,
      "checkout_type": 0,
      "confirm_toc": false,
      "default_country": 1,
      "delivery_time": 1,
      "description": "<h1 class=\"first-heading\">Stadius Catalog -- AT&T Performing Arts Center</h1>\n",
      "from_email": "john@doe.com",
      "ga_ecommerce_tracking": false,
      "ga_site_tracking": false,
      "google_analytics_id": "",
      "image": "",
      "invoice_countries": [
        1
      ],
      "meta_description": "",
      "meta_keywords": "",
      "meta_title": "<name>",
      "name": "LFS",
      "notification_emails": "john@doe.com",
      "price_calculator": "lfs.gross_price.GrossPriceCalculator",
      "product_cols": 1,
      "product_rows": 10,
      "shipping_countries": [
        1
      ],
      "shop_owner": "John Doe",
      "static_block": null,
      "use_international_currency_code": false
    },
    "model": "core.shop",
    "pk": 1
  },
  {
    "fields": {
      "version": "0.7"
    },
    "model": "core.application",
    "pk": 1
  },
  {
    "fields": {
      "active_formats": false,
      "category_cols": 3,
      "description": "",
      "exclude_from_navigation": false,
      "image": "",
      "level": 1,
      "meta_description": "",
      "meta_keywords": "",
      "meta_title": "<name>",
      "name": "Drinks",
      "parent": null,
      "position": 10,
      "product_cols": 3,
      "product_rows": 3,
      "products": [],
      "short_description": "",
      "show_all_products": true,
      "slug": "drinks",
      "static_block": null,
      "template": null,
      "uid": "f3736167-c294-44c8-8935-862a093b8fee"
    },
    "model": "catalog.category",
    "pk": 5
  },
  {
    "fields": {
      "active_formats": false,
      "category_cols": 3,
      "description": "",
      "exclude_from_navigation": false,
      "image": "",
      "level": 2,
      "meta_description": "",
      "meta_keywords": "",
      "meta_title": "<name>",
      "name": "Cordials",
      "parent": 5,
      "position": 20,
      "product_cols": 3,
      "product_rows": 3,
      "products": [
        41,
        37
      ],
      "short_description": "",
      "show_all_products": true,
      "slug": "cordials",
      "static_block": null,
      "template": null,
      "uid": "048e97fa-bdc9-43da-a528-59de9cf6002f"
    },
    "model": "catalog.category",
    "pk": 13
  },
  {
    "fields": {
      "active_formats": false,
      "category_cols": 3,
      "description": "",
      "exclude_from_navigation": false,
      "image": "",
      "level": 2,
      "meta_description": "",
      "meta_keywords": "",
      "meta_title": "<name>",
      "name": "Cocktails",
      "parent": 5,
      "position": 30,
      "product_cols": 3,
      "product_rows": 3,
      "products": [
        42,
        40,
        38,
        39
      ],
      "short_description": "",
      "show_all_products": true,
      "slug": "cocktails",
      "static_block": null,
      "template": null,
      "uid": "3227c0c1-7c2c-42a5-ad3b-93619b9514f7"
    },
    "model": "catalog.category",
    "pk": 12
  },
  {
    "fields": {
      "active_formats": false,
      "category_cols": 3,
      "description": "",
      "exclude_from_navigation": false,
      "image": "",
      "level": 2,
      "meta_description": "",
      "meta_keywords": "",
      "meta_title": "<name>",
      "name": "White Wine",
      "parent": 5,
      "position": 40,
      "product_cols": 3,
      "product_rows": 3,
      "products": [
        1,
        3,
        2,
        4
      ],
      "short_description": "",
      "show_all_products": true,
      "slug": "white-wine",
      "static_block": null,
      "template": null,
      "uid": "1aa6e7c0-40d6-479e-abaf-d5044bd00a9c"
    },
    "model": "catalog.category",
    "pk": 9
  },
  {
    "fields": {
      "active_formats": false,
      "category_cols": 3,
      "description": "",
      "exclude_from_navigation": false,
      "image": "",
      "level": 2,
      "meta_description": "",
      "meta_keywords": "",
      "meta_title": "<name>",
      "name": "Red Wine",
      "parent": 5,
      "position": 50,
      "product_cols": 3,
      "product_rows": 3,
      "products": [
        6,
        5,
        7,
        8
      ],
      "short_description": "",
      "show_all_products": true,
      "slug": "red-wine",
      "static_block": null,
      "template": null,
      "uid": "680cc429-49b2-46a7-8231-f10ae0c8826f"
    },
    "model": "catalog.category",
    "pk": 8
  },
  {
    "fields": {
      "active_formats": false,
      "category_cols": 3,
      "description": "",
      "exclude_from_navigation": false,
      "image": "",
      "level": 2,
      "meta_description": "",
      "meta_keywords": "",
      "meta_title": "<name>",
      "name": "Champagne",
      "parent": 5,
      "position": 60,
      "product_cols": 3,
      "product_rows": 3,
      "products": [
        9,
        10
      ],
      "short_description": "",
      "show_all_products": true,
      "slug": "champagne",
      "static_block": null,
      "template": null,
      "uid": "c1d6aacf-31e5-4155-9631-8d799f717718"
    },
    "model": "catalog.category",
    "pk": 10
  },
  {
    "fields": {
      "active_formats": false,
      "category_cols": 3,
      "description": "",
      "exclude_from_navigation": false,
      "image": "",
      "level": 2,
      "meta_description": "",
      "meta_keywords": "",
      "meta_title": "<name>",
      "name": "Beer",
      "parent": 5,
      "position": 70,
      "product_cols": 3,
      "product_rows": 3,
      "products": [
        17,
        15,
        12,
        13,
        11,
        16,
        14
      ],
      "short_description": "",
      "show_all_products": true,
      "slug": "beer",
      "static_block": null,
      "template": null,
      "uid": "8dcd30c9-0e84-40eb-aaf5-c37b145d3c90"
    },
    "model": "catalog.category",
    "pk": 11
  },
  {
    "fields": {
      "active_formats": false,
      "category_cols": 3,
      "description": "",
      "exclude_from_navigation": false,
      "image": "",
      "level": 2,
      "meta_description": "",
      "meta_keywords": "",
      "meta_title": "<name>",
      "name": "Non-alcoholic",
      "parent": 5,
      "position": 80,
      "product_cols": 3,
      "product_rows": 3,
      "products": [],
      "short_description": "",
      "show_all_products": true,
      "slug": "non-alcoholic",
      "static_block": null,
      "template": null,
      "uid": "d308684d-b479-460c-89a1-0e528bd0955f"
    },
    "model": "catalog.category",
    "pk": 7
  },
  {
    "fields": {
      "active_formats": false,
      "category_cols": 3,
      "description": "",
      "exclude_from_navigation": false,
      "image": "",
      "level": 3,
      "meta_description": "",
      "meta_keywords": "",
      "meta_title": "<name>",
      "name": "Soft Drinks",
      "parent": 7,
      "position": 90,
      "product_cols": 3,
      "product_rows": 3,
      "products": [
        22,
        19,
        21,
        18,
        20
      ],
      "short_description": "",
      "show_all_products": true,
      "slug": "soft-drinks",
      "static_block": null,
      "template": null,
      "uid": "4d8bda78-6297-4e15-a3cc-8f4d403ff7f7"
    },
    "model": "catalog.category",
    "pk": 14
  },
  {
    "fields": {
      "active_formats": false,
      "category_cols": 3,
      "description": "",
      "exclude_from_navigation": false,
      "image": "",
      "level": 3,
      "meta_description": "",
      "meta_keywords": "",
      "meta_title": "<name>",
      "name": "Juice, Water and Coffee",
      "parent": 7,
      "position": 100,
      "product_cols": 3,
      "product_rows": 3,
      "products": [
        23
      ],
      "short_description": "",
      "show_all_products": true,
      "slug": "juice-and-water",
      "static_block": null,
      "template": null,
      "uid": "b1a3efbf-82b6-46ac-8548-add172ca5137"
    },
    "model": "catalog.category",
    "pk": 15
  },
  {
    "fields": {
      "active_formats": false,
      "category_cols": 3,
      "description": "",
      "exclude_from_navigation": false,
      "image": "",
      "level": 1,
      "meta_description": "",
      "meta_keywords": "",
      "meta_title": "<name>",
      "name": "Food",
      "parent": null,
      "position": 110,
      "product_cols": 3,
      "product_rows": 3,
      "products": [
        32,
        35,
        34,
        36,
        30,
        29,
        31,
        33
      ],
      "short_description": "",
      "show_all_products": true,
      "slug": "food",
      "static_block": null,
      "template": null,
      "uid": "86709684-96c6-43db-8c0d-2790302868b7"
    },
    "model": "catalog.category",
    "pk": 6
  },
  {
    "fields": {
      "active": true,
      "active_accessories": false,
      "active_base_price": 0,
      "active_description": false,
      "active_dimensions": false,
      "active_for_sale": 0,
      "active_for_sale_price": false,
      "active_images": false,
      "active_meta_description": false,
      "active_meta_keywords": false,
      "active_meta_title": false,
      "active_name": false,
      "active_packing_unit": 0,
      "active_price": false,
      "active_price_calculation": false,
      "active_related_products": false,
      "active_short_description": false,
      "active_sku": false,
      "active_static_block": false,
      "base_price_amount": 0.0,
      "base_price_unit": "",
      "category_variant": null,
      "creation_date": "2013-03-07T14:21:50.098",
      "default_variant": null,
      "deliverable": true,
      "delivery_time": null,
      "description": "",
      "effective_price": 7.0,
      "for_sale": false,
      "for_sale_price": 0.0,
      "height": 0.0,
      "length": 0.0,
      "manage_stock_amount": false,
      "manual_delivery_time": false,
      "manufacturer": null,
      "meta_description": "",
      "meta_keywords": "",
      "meta_title": "<name>",
      "name": "Amstel Light",
      "order_time": null,
      "ordered_at": null,
      "packing_unit": null,
      "packing_unit_unit": "",
      "parent": null,
      "price": 7.0,
      "price_calculation": "",
      "price_calculator": "lfs.net_price.NetPriceCalculator",
      "price_unit": "",
      "related_products": [],
      "short_description": "",
      "sku": "",
      "sku_manufacturer": "",
      "slug": "amstel-light",
      "static_block": null,
      "stock_amount": 0.0,
      "sub_type": "0",
      "supplier": null,
      "tax": 1,
      "template": 0,
      "type_of_quantity_field": null,
      "uid": "dd374587-6bbd-4033-ae2b-50d8fe5d5515",
      "unit": "",
      "variant_position": 999,
      "variants_display_type": 0,
      "weight": 0.0,
      "width": 0.0
    },
    "model": "catalog.product",
    "pk": 17
  },
  {
    "fields": {
      "active": true,
      "active_accessories": false,
      "active_base_price": 0,
      "active_description": false,
      "active_dimensions": false,
      "active_for_sale": 0,
      "active_for_sale_price": false,
      "active_images": false,
      "active_meta_description": false,
      "active_meta_keywords": false,
      "active_meta_title": false,
      "active_name": false,
      "active_packing_unit": 0,
      "active_price": false,
      "active_price_calculation": false,
      "active_related_products": false,
      "active_short_description": false,
      "active_sku": false,
      "active_static_block": false,
      "base_price_amount": 0.0,
      "base_price_unit": "",
      "category_variant": null,
      "creation_date": "2013-03-07T15:01:46.799",
      "default_variant": null,
      "deliverable": true,
      "delivery_time": null,
      "description": "",
      "effective_price": 4.0,
      "for_sale": false,
      "for_sale_price": 0.0,
      "height": 0.0,
      "length": 0.0,
      "manage_stock_amount": false,
      "manual_delivery_time": false,
      "manufacturer": null,
      "meta_description": "",
      "meta_keywords": "",
      "meta_title": "<name>",
      "name": "Aquafina",
      "order_time": null,
      "ordered_at": null,
      "packing_unit": null,
      "packing_unit_unit": "",
      "parent": null,
      "price": 4.0,
      "price_calculation": "",
      "price_calculator": null,
      "price_unit": "",
      "related_products": [],
      "short_description": "",
      "sku": "",
      "sku_manufacturer": "",
      "slug": "aquafina",
      "static_block": null,
      "stock_amount": 0.0,
      "sub_type": "0",
      "supplier": null,
      "tax": null,
      "template": 0,
      "type_of_quantity_field": null,
      "uid": "707345d7-c281-4d67-8d99-a85669d12c86",
      "unit": "",
      "variant_position": 999,
      "variants_display_type": 0,
      "weight": 0.0,
      "width": 0.0
    },
    "model": "catalog.product",
    "pk": 23
  },
  {
    "fields": {
      "active": true,
      "active_accessories": false,
      "active_base_price": 0,
      "active_description": false,
      "active_dimensions": false,
      "active_for_sale": 0,
      "active_for_sale_price": false,
      "active_images": false,
      "active_meta_description": false,
      "active_meta_keywords": false,
      "active_meta_title": false,
      "active_name": false,
      "active_packing_unit": 0,
      "active_price": false,
      "active_price_calculation": false,
      "active_related_products": false,
      "active_short_description": false,
      "active_sku": false,
      "active_static_block": false,
      "base_price_amount": 0.0,
      "base_price_unit": "",
      "category_variant": null,
      "creation_date": "2013-03-07T15:27:15.596",
      "default_variant": null,
      "deliverable": true,
      "delivery_time": null,
      "description": "",
      "effective_price": 8.0,
      "for_sale": false,
      "for_sale_price": 0.0,
      "height": 0.0,
      "length": 0.0,
      "manage_stock_amount": false,
      "manual_delivery_time": false,
      "manufacturer": null,
      "meta_description": "",
      "meta_keywords": "",
      "meta_title": "<name>",
      "name": "Artisan Cheese Plate",
      "order_time": null,
      "ordered_at": null,
      "packing_unit": null,
      "packing_unit_unit": "",
      "parent": null,
      "price": 8.0,
      "price_calculation": "",
      "price_calculator": null,
      "price_unit": "",
      "related_products": [],
      "short_description": "",
      "sku": "",
      "sku_manufacturer": "",
      "slug": "artisan-cheese-plate",
      "static_block": null,
      "stock_amount": 0.0,
      "sub_type": "0",
      "supplier": null,
      "tax": null,
      "template": 0,
      "type_of_quantity_field": null,
      "uid": "8876da7f-6ffa-4313-8c47-8733db5375e4",
      "unit": "",
      "variant_position": 999,
      "variants_display_type": 0,
      "weight": 0.0,
      "width": 0.0
    },
    "model": "catalog.product",
    "pk": 32
  },
  {
    "fields": {
      "active": true,
      "active_accessories": false,
      "active_base_price": 0,
      "active_description": false,
      "active_dimensions": false,
      "active_for_sale": 0,
      "active_for_sale_price": false,
      "active_images": false,
      "active_meta_description": false,
      "active_meta_keywords": false,
      "active_meta_title": false,
      "active_name": false,
      "active_packing_unit": 0,
      "active_price": false,
      "active_price_calculation": false,
      "active_related_products": false,
      "active_short_description": false,
      "active_sku": false,
      "active_static_block": false,
      "base_price_amount": 0.0,
      "base_price_unit": "",
      "category_variant": null,
      "creation_date": "2013-04-03T15:04:43.664",
      "default_variant": null,
      "deliverable": true,
      "delivery_time": null,
      "description": "",
      "effective_price": 7.0,
      "for_sale": false,
      "for_sale_price": 0.0,
      "height": 0.0,
      "length": 0.0,
      "manage_stock_amount": false,
      "manual_delivery_time": false,
      "manufacturer": null,
      "meta_description": "",
      "meta_keywords": "",
      "meta_title": "<name>",
      "name": "Bailey's Irish Cream",
      "order_time": null,
      "ordered_at": null,
      "packing_unit": null,
      "packing_unit_unit": "",
      "parent": null,
      "price": 7.0,
      "price_calculation": "",
      "price_calculator": "lfs.net_price.NetPriceCalculator",
      "price_unit": "",
      "related_products": [],
      "short_description": "",
      "sku": "",
      "sku_manufacturer": "",
      "slug": "baileys-irish-cream",
      "static_block": null,
      "stock_amount": 0.0,
      "sub_type": "0",
      "supplier": null,
      "tax": 1,
      "template": 0,
      "type_of_quantity_field": null,
      "uid": "889a48b4-2e21-47b4-9270-9eec6ef273a6",
      "unit": "",
      "variant_position": 999,
      "variants_display_type": 0,
      "weight": 0.0,
      "width": 0.0
    },
    "model": "catalog.product",
    "pk": 41
  },
  {
    "fields": {
      "active": true,
      "active_accessories": false,
      "active_base_price": 0,
      "active_description": false,
      "active_dimensions": false,
      "active_for_sale": 0,
      "active_for_sale_price": false,
      "active_images": false,
      "active_meta_description": false,
      "active_meta_keywords": false,
      "active_meta_title": false,
      "active_name": false,
      "active_packing_unit": 0,
      "active_price": false,
      "active_price_calculation": false,
      "active_related_products": false,
      "active_short_description": false,
      "active_sku": false,
      "active_static_block": false,
      "base_price_amount": 0.0,
      "base_price_unit": "",
      "category_variant": null,
      "creation_date": "2013-03-07T14:19:44.649",
      "default_variant": null,
      "deliverable": true,
      "delivery_time": null,
      "description": "",
      "effective_price": 7.0,
      "for_sale": false,
      "for_sale_price": 0.0,
      "height": 0.0,
      "length": 0.0,
      "manage_stock_amount": false,
      "manual_delivery_time": false,
      "manufacturer": null,
      "meta_description": "",
      "meta_keywords": "",
      "meta_title": "<name>",
      "name": "Brooklyn Lager",
      "order_time": null,
      "ordered_at": null,
      "packing_unit": null,
      "packing_unit_unit": "",
      "parent": null,
      "price": 7.0,
      "price_calculation": "",
      "price_calculator": null,
      "price_unit": "",
      "related_products": [],
      "short_description": "",
      "sku": "",
      "sku_manufacturer": "",
      "slug": "brooklyn-lager",
      "static_block": null,
      "stock_amount": 0.0,
      "sub_type": "0",
      "supplier": null,
      "tax": null,
      "template": 0,
      "type_of_quantity_field": null,
      "uid": "b2e90c94-0453-4417-b769-44f970465888",
      "unit": "",
      "variant_position": 999,
      "variants_display_type": 0,
      "weight": 0.0,
      "width": 0.0
    },
    "model": "catalog.product",
    "pk": 15
  },
  {
    "fields": {
      "active": true,
      "active_accessories": false,
      "active_base_price": 0,
      "active_description": false,
      "active_dimensions": false,
      "active_for_sale": 0,
      "active_for_sale_price": false,
      "active_images": false,
      "active_meta_description": false,
      "active_meta_keywords": false,
      "active_meta_title": false,
      "active_name": false,
      "active_packing_unit": 0,
      "active_price": false,
      "active_price_calculation": false,
      "active_related_products": false,
      "active_short_description": false,
      "active_sku": false,
      "active_static_block": false,
      "base_price_amount": 0.0,
      "base_price_unit": "",
      "category_variant": null,
      "creation_date": "2013-03-07T14:05:21.179",
      "default_variant": null,
      "deliverable": true,
      "delivery_time": null,
      "description": "",
      "effective_price": 6.0,
      "for_sale": false,
      "for_sale_price": 0.0,
      "height": 0.0,
      "length": 0.0,
      "manage_stock_amount": false,
      "manual_delivery_time": false,
      "manufacturer": null,
      "meta_description": "",
      "meta_keywords": "",
      "meta_title": "<name>",
      "name": "Bud Light",
      "order_time": null,
      "ordered_at": null,
      "packing_unit": null,
      "packing_unit_unit": "",
      "parent": null,
      "price": 6.0,
      "price_calculation": "",
      "price_calculator": null,
      "price_unit": "",
      "related_products": [],
      "short_description": "",
      "sku": "",
      "sku_manufacturer": "",
      "slug": "bud-light",
      "static_block": null,
      "stock_amount": 0.0,
      "sub_type": "0",
      "supplier": null,
      "tax": null,
      "template": 0,
      "type_of_quantity_field": null,
      "uid": "316c5507-5fe5-48c5-a995-a891aab829a9",
      "unit": "",
      "variant_position": 999,
      "variants_display_type": 0,
      "weight": 0.0,
      "width": 0.0
    },
    "model": "catalog.product",
    "pk": 12
  },
  {
    "fields": {
      "active": true,
      "active_accessories": false,
      "active_base_price": 0,
      "active_description": false,
      "active_dimensions": false,
      "active_for_sale": 0,
      "active_for_sale_price": false,
      "active_images": false,
      "active_meta_description": false,
      "active_meta_keywords": false,
      "active_meta_title": false,
      "active_name": false,
      "active_packing_unit": 0,
      "active_price": false,
      "active_price_calculation": false,
      "active_related_products": false,
      "active_short_description": false,
      "active_sku": false,
      "active_static_block": false,
      "base_price_amount": 0.0,
      "base_price_unit": "",
      "category_variant": null,
      "creation_date": "2013-03-07T14:05:48.706",
      "default_variant": null,
      "deliverable": true,
      "delivery_time": null,
      "description": "",
      "effective_price": 6.0,
      "for_sale": false,
      "for_sale_price": 0.0,
      "height": 0.0,
      "length": 0.0,
      "manage_stock_amount": false,
      "manual_delivery_time": false,
      "manufacturer": null,
      "meta_description": "",
      "meta_keywords": "",
      "meta_title": "<name>",
      "name": "Bud Light Platinum",
      "order_time": null,
      "ordered_at": null,
      "packing_unit": null,
      "packing_unit_unit": "",
      "parent": null,
      "price": 6.0,
      "price_calculation": "",
      "price_calculator": null,
      "price_unit": "",
      "related_products": [],
      "short_description": "",
      "sku": "",
      "sku_manufacturer": "",
      "slug": "bud-light-platinum",
      "static_block": null,
      "stock_amount": 0.0,
      "sub_type": "0",
      "supplier": null,
      "tax": null,
      "template": 0,
      "type_of_quantity_field": null,
      "uid": "622fbd94-9557-4c15-ae79-cdfc2c3a208a",
      "unit": "",
      "variant_position": 999,
      "variants_display_type": 0,
      "weight": 0.0,
      "width": 0.0
    },
    "model": "catalog.product",
    "pk": 13
  },
  {
    "fields": {
      "active": true,
      "active_accessories": false,
      "active_base_price": 0,
      "active_description": false,
      "active_dimensions": false,
      "active_for_sale": 0,
      "active_for_sale_price": false,
      "active_images": false,
      "active_meta_description": false,
      "active_meta_keywords": false,
      "active_meta_title": false,
      "active_name": false,
      "active_packing_unit": 0,
      "active_price": false,
      "active_price_calculation": false,
      "active_related_products": false,
      "active_short_description": false,
      "active_sku": false,
      "active_static_block": false,
      "base_price_amount": 0.0,
      "base_price_unit": "",
      "category_variant": null,
      "creation_date": "2013-03-07T14:02:20.169",
      "default_variant": null,
      "deliverable": true,
      "delivery_time": null,
      "description": "",
      "effective_price": 6.0,
      "for_sale": false,
      "for_sale_price": 0.0,
      "height": 0.0,
      "length": 0.0,
      "manage_stock_amount": false,
      "manual_delivery_time": false,
      "manufacturer": null,
      "meta_description": "",
      "meta_keywords": "",
      "meta_title": "<name>",
      "name": "Budweiser",
      "order_time": null,
      "ordered_at": null,
      "packing_unit": null,
      "packing_unit_unit": "",
      "parent": null,
      "price": 6.0,
      "price_calculation": "",
      "price_calculator": null,
      "price_unit": "",
      "related_products": [],
      "short_description": "",
      "sku": "",
      "sku_manufacturer": "",
      "slug": "budweiser",
      "static_block": null,
      "stock_amount": 0.0,
      "sub_type": "0",
      "supplier": null,
      "tax": null,
      "template": 0,
      "type_of_quantity_field": null,
      "uid": "3d270aad-e9d4-4b15-ae21-f96c659b77e0",
      "unit": "",
      "variant_position": 999,
      "variants_display_type": 0,
      "weight": 0.0,
      "width": 0.0
    },
    "model": "catalog.product",
    "pk": 11
  },
  {
    "fields": {
      "active": true,
      "active_accessories": false,
      "active_base_price": 0,
      "active_description": false,
      "active_dimensions": false,
      "active_for_sale": 0,
      "active_for_sale_price": false,
      "active_images": false,
      "active_meta_description": false,
      "active_meta_keywords": false,
      "active_meta_title": false,
      "active_name": false,
      "active_packing_unit": 0,
      "active_price": false,
      "active_price_calculation": false,
      "active_related_products": false,
      "active_short_description": false,
      "active_sku": false,
      "active_static_block": false,
      "base_price_amount": 0.0,
      "base_price_unit": "",
      "category_variant": null,
      "creation_date": "2013-03-07T15:28:51.626",
      "default_variant": null,
      "deliverable": true,
      "delivery_time": null,
      "description": "",
      "effective_price": 5.0,
      "for_sale": false,
      "for_sale_price": 0.0,
      "height": 0.0,
      "length": 0.0,
      "manage_stock_amount": false,
      "manual_delivery_time": false,
      "manufacturer": null,
      "meta_description": "",
      "meta_keywords": "",
      "meta_title": "<name>",
      "name": "Candy Bars",
      "order_time": null,
      "ordered_at": null,
      "packing_unit": null,
      "packing_unit_unit": "",
      "parent": null,
      "price": 5.0,
      "price_calculation": "",
      "price_calculator": null,
      "price_unit": "",
      "related_products": [],
      "short_description": "",
      "sku": "",
      "sku_manufacturer": "",
      "slug": "candy-bars",
      "static_block": null,
      "stock_amount": 0.0,
      "sub_type": "0",
      "supplier": null,
      "tax": null,
      "template": 0,
      "type_of_quantity_field": null,
      "uid": "bd7ed216-7f44-47cd-8807-6a241dc780c8",
      "unit": "",
      "variant_position": 999,
      "variants_display_type": 0,
      "weight": 0.0,
      "width": 0.0
    },
    "model": "catalog.product",
    "pk": 35
  },
  {
    "fields": {
      "active": true,
      "active_accessories": false,
      "active_base_price": 0,
      "active_description": false,
      "active_dimensions": false,
      "active_for_sale": 0,
      "active_for_sale_price": false,
      "active_images": false,
      "active_meta_description": false,
      "active_meta_keywords": false,
      "active_meta_title": false,
      "active_name": false,
      "active_packing_unit": 0,
      "active_price": false,
      "active_price_calculation": false,
      "active_related_products": false,
      "active_short_description": false,
      "active_sku": false,
      "active_static_block": false,
      "base_price_amount": 0.0,
      "base_price_unit": "",
      "category_variant": null,
      "creation_date": "2013-03-07T15:28:36.581",
      "default_variant": null,
      "deliverable": true,
      "delivery_time": null,
      "description": "",
      "effective_price": 4.0,
      "for_sale": false,
      "for_sale_price": 0.0,
      "height": 0.0,
      "length": 0.0,
      "manage_stock_amount": false,
      "manual_delivery_time": false,
      "manufacturer": null,
      "meta_description": "",
      "meta_keywords": "",
      "meta_title": "<name>",
      "name": "Cheesecake Brownie w/Assorted Candies",
      "order_time": null,
      "ordered_at": null,
      "packing_unit": null,
      "packing_unit_unit": "",
      "parent": null,
      "price": 4.0,
      "price_calculation": "",
      "price_calculator": null,
      "price_unit": "",
      "related_products": [],
      "short_description": "",
      "sku": "",
      "sku_manufacturer": "",
      "slug": "cheesecake-brownie-wassorted-candies",
      "static_block": null,
      "stock_amount": 0.0,
      "sub_type": "0",
      "supplier": null,
      "tax": null,
      "template": 0,
      "type_of_quantity_field": null,
      "uid": "fccf42d8-a4a9-4e01-a3ec-2d6bada2dcdb",
      "unit": "",
      "variant_position": 999,
      "variants_display_type": 0,
      "weight": 0.0,
      "width": 0.0
    },
    "model": "catalog.product",
    "pk": 34
  },
  {
    "fields": {
      "active": true,
      "active_accessories": false,
      "active_base_price": 0,
      "active_description": false,
      "active_dimensions": false,
      "active_for_sale": 0,
      "active_for_sale_price": false,
      "active_images": false,
      "active_meta_description": false,
      "active_meta_keywords": false,
      "active_meta_title": false,
      "active_name": false,
      "active_packing_unit": 0,
      "active_price": false,
      "active_price_calculation": false,
      "active_related_products": false,
      "active_short_description": false,
      "active_sku": false,
      "active_static_block": false,
      "base_price_amount": 0.0,
      "base_price_unit": "",
      "category_variant": null,
      "creation_date": "2013-03-07T15:30:00.757",
      "default_variant": null,
      "deliverable": true,
      "delivery_time": null,
      "description": "",
      "effective_price": 5.0,
      "for_sale": false,
      "for_sale_price": 0.0,
      "height": 0.0,
      "length": 0.0,
      "manage_stock_amount": false,
      "manual_delivery_time": false,
      "manufacturer": null,
      "meta_description": "",
      "meta_keywords": "",
      "meta_title": "<name>",
      "name": "Chocolate Covered Strawberries",
      "order_time": null,
      "ordered_at": null,
      "packing_unit": null,
      "packing_unit_unit": "",
      "parent": null,
      "price": 5.0,
      "price_calculation": "",
      "price_calculator": null,
      "price_unit": "",
      "related_products": [],
      "short_description": "",
      "sku": "",
      "sku_manufacturer": "",
      "slug": "chocolate-covered-strawberries",
      "static_block": null,
      "stock_amount": 0.0,
      "sub_type": "0",
      "supplier": null,
      "tax": null,
      "template": 0,
      "type_of_quantity_field": null,
      "uid": "ee46d201-40dd-461b-8542-e47aaefa4c2f",
      "unit": "",
      "variant_position": 999,
      "variants_display_type": 0,
      "weight": 0.0,
      "width": 0.0
    },
    "model": "catalog.product",
    "pk": 36
  },
  {
    "fields": {
      "active": true,
      "active_accessories": false,
      "active_base_price": 0,
      "active_description": false,
      "active_dimensions": false,
      "active_for_sale": 0,
      "active_for_sale_price": false,
      "active_images": false,
      "active_meta_description": false,
      "active_meta_keywords": false,
      "active_meta_title": false,
      "active_name": false,
      "active_packing_unit": 0,
      "active_price": false,
      "active_price_calculation": false,
      "active_related_products": false,
      "active_short_description": false,
      "active_sku": false,
      "active_static_block": false,
      "base_price_amount": 0.0,
      "base_price_unit": "",
      "category_variant": null,
      "creation_date": "2013-04-03T16:36:00.100",
      "default_variant": null,
      "deliverable": true,
      "delivery_time": null,
      "description": "",
      "effective_price": 8.0,
      "for_sale": false,
      "for_sale_price": 0.0,
      "height": 0.0,
      "length": 0.0,
      "manage_stock_amount": false,
      "manual_delivery_time": false,
      "manufacturer": null,
      "meta_description": "",
      "meta_keywords": "",
      "meta_title": "<name>",
      "name": "Cosmopolitan",
      "order_time": null,
      "ordered_at": null,
      "packing_unit": null,
      "packing_unit_unit": "",
      "parent": null,
      "price": 8.0,
      "price_calculation": "",
      "price_calculator": "lfs.net_price.NetPriceCalculator",
      "price_unit": "",
      "related_products": [],
      "short_description": "",
      "sku": "",
      "sku_manufacturer": "",
      "slug": "cosmopolitan",
      "static_block": null,
      "stock_amount": 0.0,
      "sub_type": "0",
      "supplier": null,
      "tax": 1,
      "template": 0,
      "type_of_quantity_field": null,
      "uid": "41f499c9-2dd5-4e6e-89a2-4866d45752e4",
      "unit": "",
      "variant_position": 999,
      "variants_display_type": 0,
      "weight": 0.0,
      "width": 0.0
    },
    "model": "catalog.product",
    "pk": 42
  },
  {
    "fields": {
      "active": true,
      "active_accessories": false,
      "active_base_price": 0,
      "active_description": false,
      "active_dimensions": false,
      "active_for_sale": 0,
      "active_for_sale_price": false,
      "active_images": false,
      "active_meta_description": false,
      "active_meta_keywords": false,
      "active_meta_title": false,
      "active_name": false,
      "active_packing_unit": 0,
      "active_price": false,
      "active_price_calculation": false,
      "active_related_products": false,
      "active_short_description": false,
      "active_sku": false,
      "active_static_block": false,
      "base_price_amount": 0.0,
      "base_price_unit": "",
      "category_variant": null,
      "creation_date": "2013-03-07T15:19:04.526",
      "default_variant": null,
      "deliverable": true,
      "delivery_time": null,
      "description": "",
      "effective_price": 4.0,
      "for_sale": false,
      "for_sale_price": 0.0,
      "height": 0.0,
      "length": 0.0,
      "manage_stock_amount": false,
      "manual_delivery_time": false,
      "manufacturer": null,
      "meta_description": "",
      "meta_keywords": "",
      "meta_title": "<name>",
      "name": "Cranberry Juice",
      "order_time": null,
      "ordered_at": null,
      "packing_unit": null,
      "packing_unit_unit": "",
      "parent": null,
      "price": 4.0,
      "price_calculation": "",
      "price_calculator": null,
      "price_unit": "",
      "related_products": [],
      "short_description": "",
      "sku": "",
      "sku_manufacturer": "",
      "slug": "cranberry-juice",
      "static_block": null,
      "stock_amount": 0.0,
      "sub_type": "0",
      "supplier": null,
      "tax": null,
      "template": 0,
      "type_of_quantity_field": null,
      "uid": "2ef9dc62-a6ec-4798-8ffc-582284b82a7c",
      "unit": "",
      "variant_position": 999,
      "variants_display_type": 0,
      "weight": 0.0,
      "width": 0.0
    },
    "model": "catalog.product",
    "pk": 25
  },
  {
    "fields": {
      "active": true,
      "active_accessories": false,
      "active_base_price": 0,
      "active_description": false,
      "active_dimensions": false,
      "active_for_sale": 0,
      "active_for_sale_price": false,
      "active_images": false,
      "active_meta_description": false,
      "active_meta_keywords": false,
      "active_meta_title": false,
      "active_name": false,
      "active_packing_unit": 0,
      "active_price": false,
      "active_price_calculation": false,
      "active_related_products": false,
      "active_short_description": false,
      "active_sku": false,
      "active_static_block": false,
      "base_price_amount": 0.0,
      "base_price_unit": "",
      "category_variant": null,
      "creation_date": "2013-03-07T15:26:50.475",
      "default_variant": null,
      "deliverable": true,
      "delivery_time": null,
      "description": "",
      "effective_price": 6.0,
      "for_sale": false,
      "for_sale_price": 0.0,
      "height": 0.0,
      "length": 0.0,
      "manage_stock_amount": false,
      "manual_delivery_time": false,
      "manufacturer": null,
      "meta_description": "",
      "meta_keywords": "",
      "meta_title": "<name>",
      "name": "Cured Meats with Baguette",
      "order_time": null,
      "ordered_at": null,
      "packing_unit": null,
      "packing_unit_unit": "",
      "parent": null,
      "price": 6.0,
      "price_calculation": "",
      "price_calculator": null,
      "price_unit": "",
      "related_products": [],
      "short_description": "",
      "sku": "",
      "sku_manufacturer": "",
      "slug": "cured-meats-baguette",
      "static_block": null,
      "stock_amount": 0.0,
      "sub_type": "0",
      "supplier": null,
      "tax": null,
      "template": 0,
      "type_of_quantity_field": null,
      "uid": "bac9dfdc-7ddc-4aac-be7e-56e6fc5732fe",
      "unit": "",
      "variant_position": 999,
      "variants_display_type": 0,
      "weight": 0.0,
      "width": 0.0
    },
    "model": "catalog.product",
    "pk": 30
  },
  {
    "fields": {
      "active": true,
      "active_accessories": false,
      "active_base_price": 0,
      "active_description": false,
      "active_dimensions": false,
      "active_for_sale": 0,
      "active_for_sale_price": false,
      "active_images": false,
      "active_meta_description": false,
      "active_meta_keywords": false,
      "active_meta_title": false,
      "active_name": false,
      "active_packing_unit": 0,
      "active_price": false,
      "active_price_calculation": false,
      "active_related_products": false,
      "active_short_description": false,
      "active_sku": false,
      "active_static_block": false,
      "base_price_amount": 0.0,
      "base_price_unit": "",
      "category_variant": null,
      "creation_date": "2013-03-07T14:39:44.416",
      "default_variant": null,
      "deliverable": true,
      "delivery_time": null,
      "description": "",
      "effective_price": 3.0,
      "for_sale": false,
      "for_sale_price": 0.0,
      "height": 0.0,
      "length": 0.0,
      "manage_stock_amount": false,
      "manual_delivery_time": false,
      "manufacturer": null,
      "meta_description": "",
      "meta_keywords": "",
      "meta_title": "<name>",
      "name": "Diet Dr. Pepper",
      "order_time": null,
      "ordered_at": null,
      "packing_unit": null,
      "packing_unit_unit": "",
      "parent": null,
      "price": 3.0,
      "price_calculation": "",
      "price_calculator": null,
      "price_unit": "",
      "related_products": [],
      "short_description": "",
      "sku": "",
      "sku_manufacturer": "",
      "slug": "diet-dr-pepper",
      "static_block": null,
      "stock_amount": 0.0,
      "sub_type": "0",
      "supplier": null,
      "tax": null,
      "template": 0,
      "type_of_quantity_field": null,
      "uid": "42510b7a-8153-4476-b7de-047d694c02cc",
      "unit": "",
      "variant_position": 999,
      "variants_display_type": 0,
      "weight": 0.0,
      "width": 0.0
    },
    "model": "catalog.product",
    "pk": 22
  },
  {
    "fields": {
      "active": true,
      "active_accessories": false,
      "active_base_price": 0,
      "active_description": false,
      "active_dimensions": false,
      "active_for_sale": 0,
      "active_for_sale_price": false,
      "active_images": false,
      "active_meta_description": false,
      "active_meta_keywords": false,
      "active_meta_title": false,
      "active_name": false,
      "active_packing_unit": 0,
      "active_price": false,
      "active_price_calculation": false,
      "active_related_products": false,
      "active_short_description": false,
      "active_sku": false,
      "active_static_block": false,
      "base_price_amount": 0.0,
      "base_price_unit": "",
      "category_variant": null,
      "creation_date": "2013-03-07T14:26:30.992",
      "default_variant": null,
      "deliverable": true,
      "delivery_time": null,
      "description": "",
      "effective_price": 3.0,
      "for_sale": false,
      "for_sale_price": 0.0,
      "height": 0.0,
      "length": 0.0,
      "manage_stock_amount": false,
      "manual_delivery_time": false,
      "manufacturer": null,
      "meta_description": "",
      "meta_keywords": "",
      "meta_title": "<name>",
      "name": "Diet Pepsi",
      "order_time": null,
      "ordered_at": null,
      "packing_unit": null,
      "packing_unit_unit": "",
      "parent": null,
      "price": 3.0,
      "price_calculation": "",
      "price_calculator": null,
      "price_unit": "",
      "related_products": [],
      "short_description": "",
      "sku": "",
      "sku_manufacturer": "",
      "slug": "diet-pepsi",
      "static_block": null,
      "stock_amount": 0.0,
      "sub_type": "0",
      "supplier": null,
      "tax": null,
      "template": 0,
      "type_of_quantity_field": null,
      "uid": "efeb43bb-0fe8-466e-a902-a12791b27d55",
      "unit": "",
      "variant_position": 999,
      "variants_display_type": 0,
      "weight": 0.0,
      "width": 0.0
    },
    "model": "catalog.product",
    "pk": 19
  },
  {
    "fields": {
      "active": true,
      "active_accessories": false,
      "active_base_price": 0,
      "active_description": false,
      "active_dimensions": false,
      "active_for_sale": 0,
      "active_for_sale_price": false,
      "active_images": false,
      "active_meta_description": false,
      "active_meta_keywords": false,
      "active_meta_title": false,
      "active_name": false,
      "active_packing_unit": 0,
      "active_price": false,
      "active_price_calculation": false,
      "active_related_products": false,
      "active_short_description": false,
      "active_sku": false,
      "active_static_block": false,
      "base_price_amount": 0.0,
      "base_price_unit": "",
      "category_variant": null,
      "creation_date": "2013-03-07T13:35:23.337",
      "default_variant": null,
      "deliverable": true,
      "delivery_time": null,
      "description": "",
      "effective_price": 8.0,
      "for_sale": false,
      "for_sale_price": 0.0,
      "height": 0.0,
      "length": 0.0,
      "manage_stock_amount": false,
      "manual_delivery_time": false,
      "manufacturer": null,
      "meta_description": "",
      "meta_keywords": "",
      "meta_title": "<name>",
      "name": "Domaine St. Michelle",
      "order_time": null,
      "ordered_at": null,
      "packing_unit": null,
      "packing_unit_unit": "",
      "parent": null,
      "price": 8.0,
      "price_calculation": "",
      "price_calculator": null,
      "price_unit": "",
      "related_products": [],
      "short_description": "<p>Dry to medium dry Aromas of pear and pineapple Crisp green apple and a toast coconut finish Pair with Brie, chocolate desserts or creamy dishes</p>",
      "sku": "",
      "sku_manufacturer": "",
      "slug": "domaine-st-michelle",
      "static_block": null,
      "stock_amount": 0.0,
      "sub_type": "0",
      "supplier": null,
      "tax": null,
      "template": 0,
      "type_of_quantity_field": null,
      "uid": "9e4ef775-c7f6-4e1b-bb0c-48af08ce82c5",
      "unit": "",
      "variant_position": 999,
      "variants_display_type": 0,
      "weight": 0.0,
      "width": 0.0
    },
    "model": "catalog.product",
    "pk": 9
  },
  {
    "fields": {
      "active": true,
      "active_accessories": false,
      "active_base_price": 0,
      "active_description": false,
      "active_dimensions": false,
      "active_for_sale": 0,
      "active_for_sale_price": false,
      "active_images": false,
      "active_meta_description": false,
      "active_meta_keywords": false,
      "active_meta_title": false,
      "active_name": false,
      "active_packing_unit": 0,
      "active_price": false,
      "active_price_calculation": false,
      "active_related_products": false,
      "active_short_description": false,
      "active_sku": false,
      "active_static_block": false,
      "base_price_amount": 0.0,
      "base_price_unit": "",
      "category_variant": null,
      "creation_date": "2013-03-07T14:38:34.835",
      "default_variant": null,
      "deliverable": true,
      "delivery_time": null,
      "description": "",
      "effective_price": 3.0,
      "for_sale": false,
      "for_sale_price": 0.0,
      "height": 0.0,
      "length": 0.0,
      "manage_stock_amount": false,
      "manual_delivery_time": false,
      "manufacturer": null,
      "meta_description": "",
      "meta_keywords": "",
      "meta_title": "<name>",
      "name": "Dr. Pepper",
      "order_time": null,
      "ordered_at": null,
      "packing_unit": null,
      "packing_unit_unit": "",
      "parent": null,
      "price": 3.0,
      "price_calculation": "",
      "price_calculator": null,
      "price_unit": "",
      "related_products": [],
      "short_description": "",
      "sku": "",
      "sku_manufacturer": "",
      "slug": "dr-pepper",
      "static_block": null,
      "stock_amount": 0.0,
      "sub_type": "0",
      "supplier": null,
      "tax": null,
      "template": 0,
      "type_of_quantity_field": null,
      "uid": "0ab45766-a7b2-4e9e-860a-0ee330f460f3",
      "unit": "",
      "variant_position": 999,
      "variants_display_type": 0,
      "weight": 0.0,
      "width": 0.0
    },
    "model": "catalog.product",
    "pk": 21
  },
  {
    "fields": {
      "active": true,
      "active_accessories": false,
      "active_base_price": 0,
      "active_description": false,
      "active_dimensions": false,
      "active_for_sale": 0,
      "active_for_sale_price": false,
      "active_images": false,
      "active_meta_description": false,
      "active_meta_keywords": false,
      "active_meta_title": false,
      "active_name": false,
      "active_packing_unit": 0,
      "active_price": false,
      "active_price_calculation": false,
      "active_related_products": false,
      "active_short_description": false,
      "active_sku": false,
      "active_static_block": false,
      "base_price_amount": 0.0,
      "base_price_unit": "",
      "category_variant": null,
      "creation_date": "2013-04-03T01:04:04.259",
      "default_variant": null,
      "deliverable": true,
      "delivery_time": null,
      "description": "",
      "effective_price": 8.0,
      "for_sale": false,
      "for_sale_price": 0.0,
      "height": 0.0,
      "length": 0.0,
      "manage_stock_amount": false,
      "manual_delivery_time": false,
      "manufacturer": null,
      "meta_description": "",
      "meta_keywords": "",
      "meta_title": "<name>",
      "name": "Gin and Tonic",
      "order_time": null,
      "ordered_at": null,
      "packing_unit": null,
      "packing_unit_unit": "",
      "parent": null,
      "price": 8.0,
      "price_calculation": "",
      "price_calculator": "lfs.net_price.NetPriceCalculator",
      "price_unit": "",
      "related_products": [],
      "short_description": "",
      "sku": "",
      "sku_manufacturer": "",
      "slug": "gin-and-tonic",
      "static_block": null,
      "stock_amount": 0.0,
      "sub_type": "0",
      "supplier": null,
      "tax": 1,
      "template": 0,
      "type_of_quantity_field": null,
      "uid": "7c273869-b799-41b3-9958-cdad6b010e71",
      "unit": "",
      "variant_position": 999,
      "variants_display_type": 0,
      "weight": 0.0,
      "width": 0.0
    },
    "model": "catalog.product",
    "pk": 40
  },
  {
    "fields": {
      "active": true,
      "active_accessories": false,
      "active_base_price": 0,
      "active_description": false,
      "active_dimensions": false,
      "active_for_sale": 0,
      "active_for_sale_price": false,
      "active_images": false,
      "active_meta_description": false,
      "active_meta_keywords": false,
      "active_meta_title": false,
      "active_name": false,
      "active_packing_unit": 0,
      "active_price": false,
      "active_price_calculation": false,
      "active_related_products": false,
      "active_short_description": false,
      "active_sku": false,
      "active_static_block": false,
      "base_price_amount": 0.0,
      "base_price_unit": "",
      "category_variant": null,
      "creation_date": "2013-03-07T15:20:26.949",
      "default_variant": null,
      "deliverable": true,
      "delivery_time": null,
      "description": "",
      "effective_price": 4.0,
      "for_sale": false,
      "for_sale_price": 0.0,
      "height": 0.0,
      "length": 0.0,
      "manage_stock_amount": false,
      "manual_delivery_time": false,
      "manufacturer": null,
      "meta_description": "",
      "meta_keywords": "",
      "meta_title": "<name>",
      "name": "Grapefruit Juice",
      "order_time": null,
      "ordered_at": null,
      "packing_unit": null,
      "packing_unit_unit": "",
      "parent": null,
      "price": 4.0,
      "price_calculation": "",
      "price_calculator": null,
      "price_unit": "",
      "related_products": [],
      "short_description": "",
      "sku": "",
      "sku_manufacturer": "",
      "slug": "grapefruit-juice",
      "static_block": null,
      "stock_amount": 0.0,
      "sub_type": "0",
      "supplier": null,
      "tax": null,
      "template": 0,
      "type_of_quantity_field": null,
      "uid": "8dd8c7b4-3c76-42a4-bde2-0ee513def90e",
      "unit": "",
      "variant_position": 999,
      "variants_display_type": 0,
      "weight": 0.0,
      "width": 0.0
    },
    "model": "catalog.product",
    "pk": 27
  },
  {
    "fields": {
      "active": true,
      "active_accessories": false,
      "active_base_price": 0,
      "active_description": false,
      "active_dimensions": false,
      "active_for_sale": 0,
      "active_for_sale_price": false,
      "active_images": false,
      "active_meta_description": false,
      "active_meta_keywords": false,
      "active_meta_title": false,
      "active_name": false,
      "active_packing_unit": 0,
      "active_price": false,
      "active_price_calculation": false,
      "active_related_products": false,
      "active_short_description": false,
      "active_sku": false,
      "active_static_block": false,
      "base_price_amount": 0.0,
      "base_price_unit": "",
      "category_variant": null,
      "creation_date": "2013-03-20T15:03:32.402",
      "default_variant": null,
      "deliverable": true,
      "delivery_time": null,
      "description": "",
      "effective_price": 10.0,
      "for_sale": false,
      "for_sale_price": 0.0,
      "height": 0.0,
      "length": 0.0,
      "manage_stock_amount": false,
      "manual_delivery_time": false,
      "manufacturer": null,
      "meta_description": "",
      "meta_keywords": "",
      "meta_title": "<name>",
      "name": "Grey Goose Martini",
      "order_time": null,
      "ordered_at": null,
      "packing_unit": null,
      "packing_unit_unit": "",
      "parent": null,
      "price": 10.0,
      "price_calculation": "",
      "price_calculator": null,
      "price_unit": "",
      "related_products": [],
      "short_description": "",
      "sku": "",
      "sku_manufacturer": "",
      "slug": "grey-goose-martini",
      "static_block": null,
      "stock_amount": 0.0,
      "sub_type": "0",
      "supplier": null,
      "tax": null,
      "template": 0,
      "type_of_quantity_field": null,
      "uid": "05a6f198-05db-4d48-bb03-316263c3e100",
      "unit": "",
      "variant_position": 999,
      "variants_display_type": 0,
      "weight": 0.0,
      "width": 0.0
    },
    "model": "catalog.product",
    "pk": 38
  },
  {
    "fields": {
      "active": true,
      "active_accessories": false,
      "active_base_price": 0,
      "active_description": false,
      "active_dimensions": false,
      "active_for_sale": 0,
      "active_for_sale_price": false,
      "active_images": false,
      "active_meta_description": false,
      "active_meta_keywords": false,
      "active_meta_title": false,
      "active_name": false,
      "active_packing_unit": 0,
      "active_price": false,
      "active_price_calculation": false,
      "active_related_products": false,
      "active_short_description": false,
      "active_sku": false,
      "active_static_block": false,
      "base_price_amount": 0.0,
      "base_price_unit": "",
      "category_variant": null,
      "creation_date": "2013-03-07T13:40:31.555",
      "default_variant": null,
      "deliverable": true,
      "delivery_time": null,
      "description": "",
      "effective_price": 0.0,
      "for_sale": false,
      "for_sale_price": 0.0,
      "height": 0.0,
      "length": 0.0,
      "manage_stock_amount": false,
      "manual_delivery_time": false,
      "manufacturer": null,
      "meta_description": "",
      "meta_keywords": "",
      "meta_title": "<name>",
      "name": "Gruet",
      "order_time": null,
      "ordered_at": null,
      "packing_unit": null,
      "packing_unit_unit": "",
      "parent": null,
      "price": 0.0,
      "price_calculation": "",
      "price_calculator": null,
      "price_unit": "",
      "related_products": [],
      "short_description": "<p>Our flagship sparkling wine. Known for its classic, crisp style with rich complexity and a fine mousse.</p>",
      "sku": "",
      "sku_manufacturer": "",
      "slug": "gruet",
      "static_block": null,
      "stock_amount": 0.0,
      "sub_type": "0",
      "supplier": null,
      "tax": null,
      "template": 0,
      "type_of_quantity_field": null,
      "uid": "9fcec724-a994-4c02-b482-e18532ff3b72",
      "unit": "",
      "variant_position": 999,
      "variants_display_type": 0,
      "weight": 0.0,
      "width": 0.0
    },
    "model": "catalog.product",
    "pk": 10
  },
  {
    "fields": {
      "active": true,
      "active_accessories": false,
      "active_base_price": 0,
      "active_description": false,
      "active_dimensions": false,
      "active_for_sale": 0,
      "active_for_sale_price": false,
      "active_images": false,
      "active_meta_description": false,
      "active_meta_keywords": false,
      "active_meta_title": false,
      "active_name": false,
      "active_packing_unit": 0,
      "active_price": false,
      "active_price_calculation": false,
      "active_related_products": false,
      "active_short_description": false,
      "active_sku": false,
      "active_static_block": false,
      "base_price_amount": 0.0,
      "base_price_unit": "",
      "category_variant": null,
      "creation_date": "2013-03-07T13:27:40.984",
      "default_variant": null,
      "deliverable": true,
      "delivery_time": null,
      "description": "<p>Cabernet Sauvignon is the noblest of grape varieties and Guenoc California Cabernet shows &ldquo;respect&rdquo; by putting the fruit front and center.&nbsp; Classic red and black cherry are surrounded by cushiony tannins.&nbsp; The coronation is a whisper of vanilla oak on the finish&hellip; all hail king Cab!</p>",
      "effective_price": 8.0,
      "for_sale": false,
      "for_sale_price": 0.0,
      "height": 0.0,
      "length": 0.0,
      "manage_stock_amount": false,
      "manual_delivery_time": false,
      "manufacturer": null,
      "meta_description": "",
      "meta_keywords": "",
      "meta_title": "<name>",
      "name": "Guenoc Cabernet",
      "order_time": null,
      "ordered_at": null,
      "packing_unit": null,
      "packing_unit_unit": "",
      "parent": null,
      "price": 8.0,
      "price_calculation": "",
      "price_calculator": "lfs.net_price.NetPriceCalculator",
      "price_unit": "",
      "related_products": [],
      "short_description": "",
      "sku": "",
      "sku_manufacturer": "",
      "slug": "guenoc-cabernet",
      "static_block": null,
      "stock_amount": 0.0,
      "sub_type": "0",
      "supplier": null,
      "tax": 1,
      "template": 0,
      "type_of_quantity_field": null,
      "uid": "4632160b-d87d-49de-b41b-2292eb8237c3",
      "unit": "",
      "variant_position": 999,
      "variants_display_type": 0,
      "weight": 0.0,
      "width": 0.0
    },
    "model": "catalog.product",
    "pk": 6
  },
  {
    "fields": {
      "active": true,
      "active_accessories": false,
      "active_base_price": 0,
      "active_description": false,
      "active_dimensions": false,
      "active_for_sale": 0,
      "active_for_sale_price": false,
      "active_images": false,
      "active_meta_description": false,
      "active_meta_keywords": false,
      "active_meta_title": false,
      "active_name": false,
      "active_packing_unit": 0,
      "active_price": false,
      "active_price_calculation": false,
      "active_related_products": false,
      "active_short_description": false,
      "active_sku": false,
      "active_static_block": false,
      "base_price_amount": 0.0,
      "base_price_unit": "",
      "category_variant": null,
      "creation_date": "2013-03-07T13:14:37.007",
      "default_variant": null,
      "deliverable": true,
      "delivery_time": null,
      "description": "<p>Versatility has made Chardonnay the undisputed heavyweight champion of California white wines. Guenoc Chardonnay is crafted to find the balance between acidity and richness. Enjoy the harmony of ripe tropical fruit, vanilla oak and citrus peel&hellip; ABC&rsquo;ers look out!</p>\n<p>ABC&rsquo;ers stands for &ldquo;Anything But Chardonnay&rdquo; and because of the availability of the varietal, there are some who feel Chardonnay is just too boring.&nbsp; Nothing could be further from the truth.&nbsp; Good Chardonnay is a thing of beauty and very difficult to achieve.&nbsp; It takes winemaking skill to get the most fruit possible while accompanying it with a touch of barrel influenced, ML induced wine.&nbsp; We hope you appreciate the effort!</p>",
      "effective_price": 7.0,
      "for_sale": false,
      "for_sale_price": 0.0,
      "height": 0.0,
      "length": 0.0,
      "manage_stock_amount": false,
      "manual_delivery_time": false,
      "manufacturer": null,
      "meta_description": "",
      "meta_keywords": "",
      "meta_title": "<name>",
      "name": "Guenoc Chardonnay",
      "order_time": null,
      "ordered_at": null,
      "packing_unit": null,
      "packing_unit_unit": "",
      "parent": null,
      "price": 7.0,
      "price_calculation": "",
      "price_calculator": "lfs.net_price.NetPriceCalculator",
      "price_unit": "",
      "related_products": [],
      "short_description": "",
      "sku": "",
      "sku_manufacturer": "",
      "slug": "guenoc-chardonnay",
      "static_block": null,
      "stock_amount": 0.0,
      "sub_type": "0",
      "supplier": null,
      "tax": 1,
      "template": 0,
      "type_of_quantity_field": null,
      "uid": "fbe694e7-6b46-421f-a0cc-27f7083c9619",
      "unit": "",
      "variant_position": 999,
      "variants_display_type": 0,
      "weight": 0.0,
      "width": 0.0
    },
    "model": "catalog.product",
    "pk": 1
  },
  {
    "fields": {
      "active": true,
      "active_accessories": false,
      "active_base_price": 0,
      "active_description": false,
      "active_dimensions": false,
      "active_for_sale": 0,
      "active_for_sale_price": false,
      "active_images": false,
      "active_meta_description": false,
      "active_meta_keywords": false,
      "active_meta_title": false,
      "active_name": false,
      "active_packing_unit": 0,
      "active_price": false,
      "active_price_calculation": false,
      "active_related_products": false,
      "active_short_description": false,
      "active_sku": false,
      "active_static_block": false,
      "base_price_amount": 0.0,
      "base_price_unit": "",
      "category_variant": null,
      "creation_date": "2013-03-07T13:26:19.359",
      "default_variant": null,
      "deliverable": true,
      "delivery_time": null,
      "description": "<p>Bullied and accused, the only crime Merlot has committed is that of luxury.&nbsp; The suppleness of Merlot can not be denied, this Guenoc California Merlot offers ample textured tannins to drape the cherry and dark chocolate flavor&hellip; Merlot is back!&nbsp; Since the 2004 release of the movie &ldquo;Sideways&rdquo; Merlot sales have suffered.&nbsp; For the savvy oenophile the result has been almost a decade of great value.&nbsp; Merlot, at its finest, is perhaps the best of the Bordeaux grapes.&nbsp; The Guenoc California Selection Merlot continues this value stream and rewards those who break from the herd.</p>",
      "effective_price": 7.0,
      "for_sale": false,
      "for_sale_price": 0.0,
      "height": 0.0,
      "length": 0.0,
      "manage_stock_amount": false,
      "manual_delivery_time": false,
      "manufacturer": null,
      "meta_description": "",
      "meta_keywords": "",
      "meta_title": "<name>",
      "name": "Guenoc Merlot",
      "order_time": null,
      "ordered_at": null,
      "packing_unit": null,
      "packing_unit_unit": "",
      "parent": null,
      "price": 7.0,
      "price_calculation": "",
      "price_calculator": null,
      "price_unit": "",
      "related_products": [],
      "short_description": "",
      "sku": "",
      "sku_manufacturer": "",
      "slug": "guenoc-merlot",
      "static_block": null,
      "stock_amount": 0.0,
      "sub_type": "0",
      "supplier": null,
      "tax": null,
      "template": 0,
      "type_of_quantity_field": null,
      "uid": "253608c4-9e17-4cd9-bd5a-48fe00817040",
      "unit": "",
      "variant_position": 999,
      "variants_display_type": 0,
      "weight": 0.0,
      "width": 0.0
    },
    "model": "catalog.product",
    "pk": 5
  },
  {
    "fields": {
      "active": true,
      "active_accessories": false,
      "active_base_price": 0,
      "active_description": false,
      "active_dimensions": false,
      "active_for_sale": 0,
      "active_for_sale_price": false,
      "active_images": false,
      "active_meta_description": false,
      "active_meta_keywords": false,
      "active_meta_title": false,
      "active_name": false,
      "active_packing_unit": 0,
      "active_price": false,
      "active_price_calculation": false,
      "active_related_products": false,
      "active_short_description": false,
      "active_sku": false,
      "active_static_block": false,
      "base_price_amount": 0.0,
      "base_price_unit": "",
      "category_variant": null,
      "creation_date": "2013-03-07T13:20:36.353",
      "default_variant": null,
      "deliverable": true,
      "delivery_time": null,
      "description": "<p>Like many old world traditions in America, Guenoc California Pinot Grigio takes this popular white variety of Italy and gives it a California style all its own.&nbsp; Instead of &ldquo;bone dry&rdquo; this floral, aromatic wine finishes sweet-tart and brings flavors of honeydew melon and lemon grass&hellip; prego!</p>\n<p>Blended with a touch of Moscatto to enhance the fruit and bring out a touch of sweetness, the Guenoc California Selection Pinot Grigio is a true California original.</p>",
      "effective_price": 7.0,
      "for_sale": false,
      "for_sale_price": 0.0,
      "height": 0.0,
      "length": 0.0,
      "manage_stock_amount": false,
      "manual_delivery_time": false,
      "manufacturer": null,
      "meta_description": "",
      "meta_keywords": "",
      "meta_title": "<name>",
      "name": "Guenoc Pinot Grigio",
      "order_time": null,
      "ordered_at": null,
      "packing_unit": null,
      "packing_unit_unit": "",
      "parent": null,
      "price": 7.0,
      "price_calculation": "",
      "price_calculator": "lfs.net_price.NetPriceCalculator",
      "price_unit": "",
      "related_products": [],
      "short_description": "",
      "sku": "",
      "sku_manufacturer": "",
      "slug": "guenoc-pinot-grigio",
      "static_block": null,
      "stock_amount": 0.0,
      "sub_type": "0",
      "supplier": null,
      "tax": 1,
      "template": 0,
      "type_of_quantity_field": null,
      "uid": "f7355525-a14b-4d23-a603-00d3a5af63d3",
      "unit": "",
      "variant_position": 999,
      "variants_display_type": 0,
      "weight": 0.0,
      "width": 0.0
    },
    "model": "catalog.product",
    "pk": 3
  },
  {
    "fields": {
      "active": true,
      "active_accessories": false,
      "active_base_price": 0,
      "active_description": false,
      "active_dimensions": false,
      "active_for_sale": 0,
      "active_for_sale_price": false,
      "active_images": false,
      "active_meta_description": false,
      "active_meta_keywords": false,
      "active_meta_title": false,
      "active_name": false,
      "active_packing_unit": 0,
      "active_price": false,
      "active_price_calculation": false,
      "active_related_products": false,
      "active_short_description": false,
      "active_sku": false,
      "active_static_block": false,
      "base_price_amount": 0.0,
      "base_price_unit": "",
      "category_variant": null,
      "creation_date": "2013-03-07T13:18:16.775",
      "default_variant": null,
      "deliverable": true,
      "delivery_time": null,
      "description": "<p>The tropical flavors&nbsp;created by California sunshine separate&nbsp;Guenoc&nbsp;Sauvignon Blanc from the rest of the world.&nbsp; Leaving the grassy characters &ldquo;down under&rdquo; we craft our Sauvignon Blanc to enhance the mouthwatering flavors of grapefruit, pineapple and mango&hellip; don&rsquo;t forget your sunscreen!</p>\n<p>The protected in-land valleys of California get plenty of sunshine and the Guenoc Valley is no exception.&nbsp; Every day during the growing season, temperatures fluctuate nearly 50 degrees from a peak of nearly 100&deg;F down to 50&deg;F at night.&nbsp; The warm temperatures ripen the fruit and allow the pyrazines (the cut grass, green pepper or jalape&ntilde;o flavors) to change into tropical notes, while the diurnal low temps keep the acidity bright.&nbsp; Warm climate SB has all the pineapple, guava and mango of a fruit smoothie!</p>",
      "effective_price": 7.0,
      "for_sale": false,
      "for_sale_price": 0.0,
      "height": 0.0,
      "length": 0.0,
      "manage_stock_amount": false,
      "manual_delivery_time": false,
      "manufacturer": null,
      "meta_description": "",
      "meta_keywords": "",
      "meta_title": "<name>",
      "name": "Guenoc Sauvignon Blanc",
      "order_time": null,
      "ordered_at": null,
      "packing_unit": null,
      "packing_unit_unit": "",
      "parent": null,
      "price": 7.0,
      "price_calculation": "",
      "price_calculator": "lfs.net_price.NetPriceCalculator",
      "price_unit": "",
      "related_products": [],
      "short_description": "",
      "sku": "",
      "sku_manufacturer": "",
      "slug": "guenoc-sauvignon-blanc",
      "static_block": null,
      "stock_amount": 0.0,
      "sub_type": "0",
      "supplier": null,
      "tax": 1,
      "template": 0,
      "type_of_quantity_field": null,
      "uid": "493fc659-ba9f-4672-ae37-f63899b2aeab",
      "unit": "",
      "variant_position": 999,
      "variants_display_type": 0,
      "weight": 0.0,
      "width": 0.0
    },
    "model": "catalog.product",
    "pk": 2
  },
  {
    "fields": {
      "active": true,
      "active_accessories": false,
      "active_base_price": 0,
      "active_description": false,
      "active_dimensions": false,
      "active_for_sale": 0,
      "active_for_sale_price": false,
      "active_images": false,
      "active_meta_description": false,
      "active_meta_keywords": false,
      "active_meta_title": false,
      "active_name": false,
      "active_packing_unit": 0,
      "active_price": false,
      "active_price_calculation": false,
      "active_related_products": false,
      "active_short_description": false,
      "active_sku": false,
      "active_static_block": false,
      "base_price_amount": 0.0,
      "base_price_unit": "",
      "category_variant": null,
      "creation_date": "2013-03-07T14:21:09.436",
      "default_variant": null,
      "deliverable": true,
      "delivery_time": null,
      "description": "",
      "effective_price": 7.0,
      "for_sale": false,
      "for_sale_price": 0.0,
      "height": 0.0,
      "length": 0.0,
      "manage_stock_amount": false,
      "manual_delivery_time": false,
      "manufacturer": null,
      "meta_description": "",
      "meta_keywords": "",
      "meta_title": "<name>",
      "name": "Heineken",
      "order_time": null,
      "ordered_at": null,
      "packing_unit": null,
      "packing_unit_unit": "",
      "parent": null,
      "price": 7.0,
      "price_calculation": "",
      "price_calculator": null,
      "price_unit": "",
      "related_products": [],
      "short_description": "",
      "sku": "",
      "sku_manufacturer": "",
      "slug": "heineken",
      "static_block": null,
      "stock_amount": 0.0,
      "sub_type": "0",
      "supplier": null,
      "tax": null,
      "template": 0,
      "type_of_quantity_field": null,
      "uid": "fc349b88-05e4-40dc-8d84-418ef136aef3",
      "unit": "",
      "variant_position": 999,
      "variants_display_type": 0,
      "weight": 0.0,
      "width": 0.0
    },
    "model": "catalog.product",
    "pk": 16
  },
  {
    "fields": {
      "active": true,
      "active_accessories": false,
      "active_base_price": 0,
      "active_description": false,
      "active_dimensions": false,
      "active_for_sale": 0,
      "active_for_sale_price": false,
      "active_images": false,
      "active_meta_description": false,
      "active_meta_keywords": false,
      "active_meta_title": false,
      "active_name": false,
      "active_packing_unit": 0,
      "active_price": false,
      "active_price_calculation": false,
      "active_related_products": false,
      "active_short_description": false,
      "active_sku": false,
      "active_static_block": false,
      "base_price_amount": 0.0,
      "base_price_unit": "",
      "category_variant": null,
      "creation_date": "2013-03-07T15:26:16.388",
      "default_variant": null,
      "deliverable": true,
      "delivery_time": null,
      "description": "",
      "effective_price": 6.0,
      "for_sale": false,
      "for_sale_price": 0.0,
      "height": 0.0,
      "length": 0.0,
      "manage_stock_amount": false,
      "manual_delivery_time": false,
      "manufacturer": null,
      "meta_description": "",
      "meta_keywords": "",
      "meta_title": "<name>",
      "name": "Hummus and Chips",
      "order_time": null,
      "ordered_at": null,
      "packing_unit": null,
      "packing_unit_unit": "",
      "parent": null,
      "price": 6.0,
      "price_calculation": "",
      "price_calculator": null,
      "price_unit": "",
      "related_products": [],
      "short_description": "",
      "sku": "",
      "sku_manufacturer": "",
      "slug": "hummus-and-chips",
      "static_block": null,
      "stock_amount": 0.0,
      "sub_type": "0",
      "supplier": null,
      "tax": null,
      "template": 0,
      "type_of_quantity_field": null,
      "uid": "8704bdaf-6222-490b-addb-23f620be256f",
      "unit": "",
      "variant_position": 999,
      "variants_display_type": 0,
      "weight": 0.0,
      "width": 0.0
    },
    "model": "catalog.product",
    "pk": 29
  },
  {
    "fields": {
      "active": true,
      "active_accessories": false,
      "active_base_price": 0,
      "active_description": false,
      "active_dimensions": false,
      "active_for_sale": 0,
      "active_for_sale_price": false,
      "active_images": false,
      "active_meta_description": false,
      "active_meta_keywords": false,
      "active_meta_title": false,
      "active_name": false,
      "active_packing_unit": 0,
      "active_price": false,
      "active_price_calculation": false,
      "active_related_products": false,
      "active_short_description": false,
      "active_sku": false,
      "active_static_block": false,
      "base_price_amount": 0.0,
      "base_price_unit": "",
      "category_variant": null,
      "creation_date": "2013-03-20T14:58:23.062",
      "default_variant": null,
      "deliverable": true,
      "delivery_time": null,
      "description": "",
      "effective_price": 9.0,
      "for_sale": false,
      "for_sale_price": 0.0,
      "height": 0.0,
      "length": 0.0,
      "manage_stock_amount": false,
      "manual_delivery_time": false,
      "manufacturer": null,
      "meta_description": "",
      "meta_keywords": "",
      "meta_title": "<name>",
      "name": "Kahlua",
      "order_time": null,
      "ordered_at": null,
      "packing_unit": null,
      "packing_unit_unit": "",
      "parent": null,
      "price": 9.0,
      "price_calculation": "",
      "price_calculator": null,
      "price_unit": "",
      "related_products": [],
      "short_description": "<p>Coffee liquer</p>",
      "sku": "",
      "sku_manufacturer": "",
      "slug": "kahlua",
      "static_block": null,
      "stock_amount": 0.0,
      "sub_type": "0",
      "supplier": null,
      "tax": null,
      "template": 0,
      "type_of_quantity_field": null,
      "uid": "d59ce59d-5861-4769-93f1-d1f397265725",
      "unit": "",
      "variant_position": 999,
      "variants_display_type": 0,
      "weight": 0.0,
      "width": 0.0
    },
    "model": "catalog.product",
    "pk": 37
  },
  {
    "fields": {
      "active": true,
      "active_accessories": false,
      "active_base_price": 0,
      "active_description": false,
      "active_dimensions": false,
      "active_for_sale": 0,
      "active_for_sale_price": false,
      "active_images": false,
      "active_meta_description": false,
      "active_meta_keywords": false,
      "active_meta_title": false,
      "active_name": false,
      "active_packing_unit": 0,
      "active_price": false,
      "active_price_calculation": false,
      "active_related_products": false,
      "active_short_description": false,
      "active_sku": false,
      "active_static_block": false,
      "base_price_amount": 0.0,
      "base_price_unit": "",
      "category_variant": null,
      "creation_date": "2013-04-02T21:54:31.578",
      "default_variant": null,
      "deliverable": true,
      "delivery_time": null,
      "description": "",
      "effective_price": 8.0,
      "for_sale": false,
      "for_sale_price": 0.0,
      "height": 0.0,
      "length": 0.0,
      "manage_stock_amount": false,
      "manual_delivery_time": false,
      "manufacturer": null,
      "meta_description": "",
      "meta_keywords": "",
      "meta_title": "<name>",
      "name": "Michter's (Bourbon) Neat",
      "order_time": null,
      "ordered_at": null,
      "packing_unit": null,
      "packing_unit_unit": "",
      "parent": null,
      "price": 8.0,
      "price_calculation": "",
      "price_calculator": "lfs.net_price.NetPriceCalculator",
      "price_unit": "",
      "related_products": [],
      "short_description": "",
      "sku": "",
      "sku_manufacturer": "",
      "slug": "michters-bourbon-neat",
      "static_block": null,
      "stock_amount": 0.0,
      "sub_type": "0",
      "supplier": null,
      "tax": 1,
      "template": 0,
      "type_of_quantity_field": null,
      "uid": "d094203d-3a53-4eff-85b3-03ee8c39855e",
      "unit": "",
      "variant_position": 999,
      "variants_display_type": 0,
      "weight": 0.0,
      "width": 0.0
    },
    "model": "catalog.product",
    "pk": 39
  },
  {
    "fields": {
      "active": true,
      "active_accessories": false,
      "active_base_price": 0,
      "active_description": false,
      "active_dimensions": false,
      "active_for_sale": 0,
      "active_for_sale_price": false,
      "active_images": false,
      "active_meta_description": false,
      "active_meta_keywords": false,
      "active_meta_title": false,
      "active_name": false,
      "active_packing_unit": 0,
      "active_price": false,
      "active_price_calculation": false,
      "active_related_products": false,
      "active_short_description": false,
      "active_sku": false,
      "active_static_block": false,
      "base_price_amount": 0.0,
      "base_price_unit": "",
      "category_variant": null,
      "creation_date": "2013-03-07T15:19:31.981",
      "default_variant": null,
      "deliverable": true,
      "delivery_time": null,
      "description": "",
      "effective_price": 4.0,
      "for_sale": false,
      "for_sale_price": 0.0,
      "height": 0.0,
      "length": 0.0,
      "manage_stock_amount": false,
      "manual_delivery_time": false,
      "manufacturer": null,
      "meta_description": "",
      "meta_keywords": "",
      "meta_title": "<name>",
      "name": "Orange Juice",
      "order_time": null,
      "ordered_at": null,
      "packing_unit": null,
      "packing_unit_unit": "",
      "parent": null,
      "price": 4.0,
      "price_calculation": "",
      "price_calculator": null,
      "price_unit": "",
      "related_products": [],
      "short_description": "",
      "sku": "",
      "sku_manufacturer": "",
      "slug": "orange-juice",
      "static_block": null,
      "stock_amount": 0.0,
      "sub_type": "0",
      "supplier": null,
      "tax": null,
      "template": 0,
      "type_of_quantity_field": null,
      "uid": "be71deda-e1b6-4ea7-aa04-f6b9a7973098",
      "unit": "",
      "variant_position": 999,
      "variants_display_type": 0,
      "weight": 0.0,
      "width": 0.0
    },
    "model": "catalog.product",
    "pk": 26
  },
  {
    "fields": {
      "active": true,
      "active_accessories": false,
      "active_base_price": 0,
      "active_description": false,
      "active_dimensions": false,
      "active_for_sale": 0,
      "active_for_sale_price": false,
      "active_images": false,
      "active_meta_description": false,
      "active_meta_keywords": false,
      "active_meta_title": false,
      "active_name": false,
      "active_packing_unit": 0,
      "active_price": false,
      "active_price_calculation": false,
      "active_related_products": false,
      "active_short_description": false,
      "active_sku": false,
      "active_static_block": false,
      "base_price_amount": 0.0,
      "base_price_unit": "",
      "category_variant": null,
      "creation_date": "2013-03-07T14:25:24.042",
      "default_variant": null,
      "deliverable": true,
      "delivery_time": null,
      "description": "",
      "effective_price": 3.0,
      "for_sale": false,
      "for_sale_price": 0.0,
      "height": 0.0,
      "length": 0.0,
      "manage_stock_amount": false,
      "manual_delivery_time": false,
      "manufacturer": null,
      "meta_description": "",
      "meta_keywords": "",
      "meta_title": "<name>",
      "name": "Pepsi",
      "order_time": null,
      "ordered_at": null,
      "packing_unit": null,
      "packing_unit_unit": "",
      "parent": null,
      "price": 3.0,
      "price_calculation": "",
      "price_calculator": null,
      "price_unit": "",
      "related_products": [],
      "short_description": "",
      "sku": "",
      "sku_manufacturer": "",
      "slug": "pepsi",
      "static_block": null,
      "stock_amount": 0.0,
      "sub_type": "0",
      "supplier": null,
      "tax": null,
      "template": 0,
      "type_of_quantity_field": null,
      "uid": "a3bf33d1-86d1-40ae-b409-e9b6041c44f1",
      "unit": "",
      "variant_position": 999,
      "variants_display_type": 0,
      "weight": 0.0,
      "width": 0.0
    },
    "model": "catalog.product",
    "pk": 18
  },
  {
    "fields": {
      "active": true,
      "active_accessories": false,
      "active_base_price": 0,
      "active_description": false,
      "active_dimensions": false,
      "active_for_sale": 0,
      "active_for_sale_price": false,
      "active_images": false,
      "active_meta_description": false,
      "active_meta_keywords": false,
      "active_meta_title": false,
      "active_name": false,
      "active_packing_unit": 0,
      "active_price": false,
      "active_price_calculation": false,
      "active_related_products": false,
      "active_short_description": false,
      "active_sku": false,
      "active_static_block": false,
      "base_price_amount": 0.0,
      "base_price_unit": "",
      "category_variant": null,
      "creation_date": "2013-03-07T15:21:03.685",
      "default_variant": null,
      "deliverable": true,
      "delivery_time": null,
      "description": "",
      "effective_price": 4.0,
      "for_sale": false,
      "for_sale_price": 0.0,
      "height": 0.0,
      "length": 0.0,
      "manage_stock_amount": false,
      "manual_delivery_time": false,
      "manufacturer": null,
      "meta_description": "",
      "meta_keywords": "",
      "meta_title": "<name>",
      "name": "Pineapple Juice",
      "order_time": null,
      "ordered_at": null,
      "packing_unit": null,
      "packing_unit_unit": "",
      "parent": null,
      "price": 4.0,
      "price_calculation": "",
      "price_calculator": null,
      "price_unit": "",
      "related_products": [],
      "short_description": "",
      "sku": "",
      "sku_manufacturer": "",
      "slug": "pineapple-juice",
      "static_block": null,
      "stock_amount": 0.0,
      "sub_type": "0",
      "supplier": null,
      "tax": null,
      "template": 0,
      "type_of_quantity_field": null,
      "uid": "21e1ebcf-a6ab-48e6-8c29-a24a9ffa0adb",
      "unit": "",
      "variant_position": 999,
      "variants_display_type": 0,
      "weight": 0.0,
      "width": 0.0
    },
    "model": "catalog.product",
    "pk": 28
  },
  {
    "fields": {
      "active": true,
      "active_accessories": false,
      "active_base_price": 0,
      "active_description": false,
      "active_dimensions": false,
      "active_for_sale": 0,
      "active_for_sale_price": false,
      "active_images": false,
      "active_meta_description": false,
      "active_meta_keywords": false,
      "active_meta_title": false,
      "active_name": false,
      "active_packing_unit": 0,
      "active_price": false,
      "active_price_calculation": false,
      "active_related_products": false,
      "active_short_description": false,
      "active_sku": false,
      "active_static_block": false,
      "base_price_amount": 0.0,
      "base_price_unit": "",
      "category_variant": null,
      "creation_date": "2013-03-07T13:28:54.908",
      "default_variant": null,
      "deliverable": true,
      "delivery_time": null,
      "description": "<p>The 2010 vintage started with a cool and fairly wet spring that remained mostly frost free. The late rains generated a healthy canopy, but one that required careful management to avoid green flavors. The cool spring evolved into an exceptionally cool summer, punctuated by a three-day heat spike in August which reduced yields in many varieties. September and October, however, were warm, giving us the ripeness we were waiting for, and we harvested the last of our Cabernet on October 27th.</p>",
      "effective_price": 9.0,
      "for_sale": false,
      "for_sale_price": 0.0,
      "height": 0.0,
      "length": 0.0,
      "manage_stock_amount": false,
      "manual_delivery_time": false,
      "manufacturer": null,
      "meta_description": "",
      "meta_keywords": "",
      "meta_title": "<name>",
      "name": "Rodney Strong Cabernet",
      "order_time": null,
      "ordered_at": null,
      "packing_unit": null,
      "packing_unit_unit": "",
      "parent": null,
      "price": 9.0,
      "price_calculation": "",
      "price_calculator": "lfs.net_price.NetPriceCalculator",
      "price_unit": "",
      "related_products": [],
      "short_description": "<p>Bold fruit aromas and flavors centered on red plum and boysenberry, and a rich and mouthfilling texture with soft tannins.</p>",
      "sku": "",
      "sku_manufacturer": "",
      "slug": "rodney-strong-cabernet",
      "static_block": null,
      "stock_amount": 0.0,
      "sub_type": "0",
      "supplier": null,
      "tax": 1,
      "template": 0,
      "type_of_quantity_field": null,
      "uid": "f97d95fd-c58c-4073-8c5f-640f5b70be32",
      "unit": "",
      "variant_position": 999,
      "variants_display_type": 0,
      "weight": 0.0,
      "width": 0.0
    },
    "model": "catalog.product",
    "pk": 7
  },
  {
    "fields": {
      "active": true,
      "active_accessories": false,
      "active_base_price": 0,
      "active_description": false,
      "active_dimensions": false,
      "active_for_sale": 0,
      "active_for_sale_price": false,
      "active_images": false,
      "active_meta_description": false,
      "active_meta_keywords": false,
      "active_meta_title": false,
      "active_name": false,
      "active_packing_unit": 0,
      "active_price": false,
      "active_price_calculation": false,
      "active_related_products": false,
      "active_short_description": false,
      "active_sku": false,
      "active_static_block": false,
      "base_price_amount": 0.0,
      "base_price_unit": "",
      "category_variant": null,
      "creation_date": "2013-03-07T13:22:52.091",
      "default_variant": null,
      "deliverable": true,
      "delivery_time": null,
      "description": "<p>The 2011 vintage started off cool and damp, with little to no frost.&nbsp; late rains continued until July, with almost two inches of rain in the month of June. The end of the rainy season led to a cool weather pattern for most of the summer, With average high temperatures around 80 degrees for both July and August. The heat finally returned in&nbsp; September, with one six day stretch of temperatures in the 90s, exactly what the vintage needed, and we harvested the last of our Chalk Hill Chardonnay on September 27th under ideal conditions.</p>",
      "effective_price": 7.0,
      "for_sale": false,
      "for_sale_price": 0.0,
      "height": 0.0,
      "length": 0.0,
      "manage_stock_amount": false,
      "manual_delivery_time": false,
      "manufacturer": null,
      "meta_description": "",
      "meta_keywords": "",
      "meta_title": "<name>",
      "name": "Rodney Strong Chardonnay",
      "order_time": null,
      "ordered_at": null,
      "packing_unit": null,
      "packing_unit_unit": "",
      "parent": null,
      "price": 7.0,
      "price_calculation": "",
      "price_calculator": "lfs.net_price.NetPriceCalculator",
      "price_unit": "",
      "related_products": [],
      "short_description": "<p>Creamy and crisp, with abundant fruit character, mineral and toasty oak flavors.</p>",
      "sku": "",
      "sku_manufacturer": "",
      "slug": "rodney-strong-chardonnay",
      "static_block": null,
      "stock_amount": 0.0,
      "sub_type": "0",
      "supplier": null,
      "tax": 1,
      "template": 0,
      "type_of_quantity_field": null,
      "uid": "25cf544d-b48a-4870-9fa7-02debdd54b3d",
      "unit": "",
      "variant_position": 999,
      "variants_display_type": 0,
      "weight": 0.0,
      "width": 0.0
    },
    "model": "catalog.product",
    "pk": 4
  },
  {
    "fields": {
      "active": true,
      "active_accessories": false,
      "active_base_price": 0,
      "active_description": false,
      "active_dimensions": false,
      "active_for_sale": 0,
      "active_for_sale_price": false,
      "active_images": false,
      "active_meta_description": false,
      "active_meta_keywords": false,
      "active_meta_title": false,
      "active_name": false,
      "active_packing_unit": 0,
      "active_price": false,
      "active_price_calculation": false,
      "active_related_products": false,
      "active_short_description": false,
      "active_sku": false,
      "active_static_block": false,
      "base_price_amount": 0.0,
      "base_price_unit": "",
      "category_variant": null,
      "creation_date": "2013-03-07T13:30:37.001",
      "default_variant": null,
      "deliverable": true,
      "delivery_time": null,
      "description": "<p>Rod Strong was among the first modern wine pioneers with a vision to plant Pinot Noir in the Russian River Valley. in 1968, he planted our heritage River East Vineyard in the alluvial clay-loam soils adjacent to the winery in Healdsburg. Today the Russian River Valley is well established as one of the premier Pinot Noir growing regions in the world and we continue to rely on the original River East Vineyard as a core contributor to our estate vineyard bottling.</p>",
      "effective_price": 9.0,
      "for_sale": false,
      "for_sale_price": 0.0,
      "height": 0.0,
      "length": 0.0,
      "manage_stock_amount": false,
      "manual_delivery_time": false,
      "manufacturer": null,
      "meta_description": "",
      "meta_keywords": "",
      "meta_title": "<name>",
      "name": "Rodney Strong Pinot Noir",
      "order_time": null,
      "ordered_at": null,
      "packing_unit": null,
      "packing_unit_unit": "",
      "parent": null,
      "price": 9.0,
      "price_calculation": "",
      "price_calculator": "lfs.net_price.NetPriceCalculator",
      "price_unit": "",
      "related_products": [],
      "short_description": "<p>Soft and silky, with intriguing floral and crushed pomegranate aromas, this medium bodied wine was aged for nine months in small, French oak barrels which added a hint of toasty vanilla and spice complexity.</p>",
      "sku": "",
      "sku_manufacturer": "",
      "slug": "rodney-strong-pinot-noir",
      "static_block": null,
      "stock_amount": 0.0,
      "sub_type": "0",
      "supplier": null,
      "tax": 1,
      "template": 0,
      "type_of_quantity_field": null,
      "uid": "dd11ee31-b9b9-48c0-90cd-e8ff44e38558",
      "unit": "",
      "variant_position": 999,
      "variants_display_type": 0,
      "weight": 0.0,
      "width": 0.0
    },
    "model": "catalog.product",
    "pk": 8
  },
  {
    "fields": {
      "active": true,
      "active_accessories": false,
      "active_base_price": 0,
      "active_description": false,
      "active_dimensions": false,
      "active_for_sale": 0,
      "active_for_sale_price": false,
      "active_images": false,
      "active_meta_description": false,
      "active_meta_keywords": false,
      "active_meta_title": false,
      "active_name": false,
      "active_packing_unit": 0,
      "active_price": false,
      "active_price_calculation": false,
      "active_related_products": false,
      "active_short_description": false,
      "active_sku": false,
      "active_static_block": false,
      "base_price_amount": 0.0,
      "base_price_unit": "",
      "category_variant": null,
      "creation_date": "2013-03-07T14:27:46.980",
      "default_variant": null,
      "deliverable": true,
      "delivery_time": null,
      "description": "",
      "effective_price": 3.0,
      "for_sale": false,
      "for_sale_price": 0.0,
      "height": 0.0,
      "length": 0.0,
      "manage_stock_amount": false,
      "manual_delivery_time": false,
      "manufacturer": null,
      "meta_description": "",
      "meta_keywords": "",
      "meta_title": "<name>",
      "name": "Sierra Mist",
      "order_time": null,
      "ordered_at": null,
      "packing_unit": null,
      "packing_unit_unit": "",
      "parent": null,
      "price": 3.0,
      "price_calculation": "",
      "price_calculator": null,
      "price_unit": "",
      "related_products": [],
      "short_description": "",
      "sku": "",
      "sku_manufacturer": "",
      "slug": "sierra-mist",
      "static_block": null,
      "stock_amount": 0.0,
      "sub_type": "0",
      "supplier": null,
      "tax": null,
      "template": 0,
      "type_of_quantity_field": null,
      "uid": "6b169709-276a-4777-861d-43a794c2d2d8",
      "unit": "",
      "variant_position": 999,
      "variants_display_type": 0,
      "weight": 0.0,
      "width": 0.0
    },
    "model": "catalog.product",
    "pk": 20
  },
  {
    "fields": {
      "active": true,
      "active_accessories": false,
      "active_base_price": 0,
      "active_description": false,
      "active_dimensions": false,
      "active_for_sale": 0,
      "active_for_sale_price": false,
      "active_images": false,
      "active_meta_description": false,
      "active_meta_keywords": false,
      "active_meta_title": false,
      "active_name": false,
      "active_packing_unit": 0,
      "active_price": false,
      "active_price_calculation": false,
      "active_related_products": false,
      "active_short_description": false,
      "active_sku": false,
      "active_static_block": false,
      "base_price_amount": 0.0,
      "base_price_unit": "",
      "category_variant": null,
      "creation_date": "2013-03-07T14:17:34.228",
      "default_variant": null,
      "deliverable": true,
      "delivery_time": null,
      "description": "",
      "effective_price": 7.0,
      "for_sale": false,
      "for_sale_price": 0.0,
      "height": 0.0,
      "length": 0.0,
      "manage_stock_amount": false,
      "manual_delivery_time": false,
      "manufacturer": null,
      "meta_description": "",
      "meta_keywords": "",
      "meta_title": "<name>",
      "name": "Spaten",
      "order_time": null,
      "ordered_at": null,
      "packing_unit": null,
      "packing_unit_unit": "",
      "parent": null,
      "price": 7.0,
      "price_calculation": "",
      "price_calculator": null,
      "price_unit": "",
      "related_products": [],
      "short_description": "",
      "sku": "",
      "sku_manufacturer": "",
      "slug": "spaten",
      "static_block": null,
      "stock_amount": 0.0,
      "sub_type": "0",
      "supplier": null,
      "tax": null,
      "template": 0,
      "type_of_quantity_field": null,
      "uid": "1da86728-ea07-41ce-943d-1338c295e208",
      "unit": "",
      "variant_position": 999,
      "variants_display_type": 0,
      "weight": 0.0,
      "width": 0.0
    },
    "model": "catalog.product",
    "pk": 14
  },
  {
    "fields": {
      "active": true,
      "active_accessories": false,
      "active_base_price": 0,
      "active_description": false,
      "active_dimensions": false,
      "active_for_sale": 0,
      "active_for_sale_price": false,
      "active_images": false,
      "active_meta_description": false,
      "active_meta_keywords": false,
      "active_meta_title": false,
      "active_name": false,
      "active_packing_unit": 0,
      "active_price": false,
      "active_price_calculation": false,
      "active_related_products": false,
      "active_short_description": false,
      "active_sku": false,
      "active_static_block": false,
      "base_price_amount": 0.0,
      "base_price_unit": "",
      "category_variant": null,
      "creation_date": "2013-03-07T15:27:02.837",
      "default_variant": null,
      "deliverable": true,
      "delivery_time": null,
      "description": "",
      "effective_price": 6.0,
      "for_sale": false,
      "for_sale_price": 0.0,
      "height": 0.0,
      "length": 0.0,
      "manage_stock_amount": false,
      "manual_delivery_time": false,
      "manufacturer": null,
      "meta_description": "",
      "meta_keywords": "",
      "meta_title": "<name>",
      "name": "Tarragon Chicken Salad",
      "order_time": null,
      "ordered_at": null,
      "packing_unit": null,
      "packing_unit_unit": "",
      "parent": null,
      "price": 6.0,
      "price_calculation": "",
      "price_calculator": null,
      "price_unit": "",
      "related_products": [],
      "short_description": "",
      "sku": "",
      "sku_manufacturer": "",
      "slug": "tarragon-chicken-salad",
      "static_block": null,
      "stock_amount": 0.0,
      "sub_type": "0",
      "supplier": null,
      "tax": null,
      "template": 0,
      "type_of_quantity_field": null,
      "uid": "af0bcdf5-23a0-48aa-a7eb-28e20b23a323",
      "unit": "",
      "variant_position": 999,
      "variants_display_type": 0,
      "weight": 0.0,
      "width": 0.0
    },
    "model": "catalog.product",
    "pk": 31
  },
  {
    "fields": {
      "active": true,
      "active_accessories": false,
      "active_base_price": 0,
      "active_description": false,
      "active_dimensions": false,
      "active_for_sale": 0,
      "active_for_sale_price": false,
      "active_images": false,
      "active_meta_description": false,
      "active_meta_keywords": false,
      "active_meta_title": false,
      "active_name": false,
      "active_packing_unit": 0,
      "active_price": false,
      "active_price_calculation": false,
      "active_related_products": false,
      "active_short_description": false,
      "active_sku": false,
      "active_static_block": false,
      "base_price_amount": 0.0,
      "base_price_unit": "",
      "category_variant": null,
      "creation_date": "2013-03-07T15:28:14.756",
      "default_variant": null,
      "deliverable": true,
      "delivery_time": null,
      "description": "",
      "effective_price": 2.0,
      "for_sale": false,
      "for_sale_price": 0.0,
      "height": 0.0,
      "length": 0.0,
      "manage_stock_amount": false,
      "manual_delivery_time": false,
      "manufacturer": null,
      "meta_description": "",
      "meta_keywords": "",
      "meta_title": "<name>",
      "name": "White Cheddar Popcorn",
      "order_time": null,
      "ordered_at": null,
      "packing_unit": null,
      "packing_unit_unit": "",
      "parent": null,
      "price": 2.0,
      "price_calculation": "",
      "price_calculator": null,
      "price_unit": "",
      "related_products": [],
      "short_description": "",
      "sku": "",
      "sku_manufacturer": "",
      "slug": "white-cheddar-popcorn",
      "static_block": null,
      "stock_amount": 0.0,
      "sub_type": "0",
      "supplier": null,
      "tax": null,
      "template": 0,
      "type_of_quantity_field": null,
      "uid": "4b556a08-ecd6-4c5c-abf5-911f63acb45d",
      "unit": "",
      "variant_position": 999,
      "variants_display_type": 0,
      "weight": 0.0,
      "width": 0.0
    },
    "model": "catalog.product",
    "pk": 33
  },
  {
    "fields": {
      "active": true,
      "active_accessories": false,
      "active_base_price": 0,
      "active_description": false,
      "active_dimensions": false,
      "active_for_sale": 0,
      "active_for_sale_price": false,
      "active_images": false,
      "active_meta_description": false,
      "active_meta_keywords": false,
      "active_meta_title": false,
      "active_name": false,
      "active_packing_unit": 0,
      "active_price": false,
      "active_price_calculation": false,
      "active_related_products": false,
      "active_short_description": false,
      "active_sku": false,
      "active_static_block": false,
      "base_price_amount": 0.0,
      "base_price_unit": "",
      "category_variant": null,
      "creation_date": "2013-03-07T15:16:08.260",
      "default_variant": null,
      "deliverable": true,
      "delivery_time": null,
      "description": "",
      "effective_price": 3.0,
      "for_sale": false,
      "for_sale_price": 0.0,
      "height": 0.0,
      "length": 0.0,
      "manage_stock_amount": false,
      "manual_delivery_time": false,
      "manufacturer": null,
      "meta_description": "",
      "meta_keywords": "",
      "meta_title": "<name>",
      "name": "Wolfgang Puck Coffee",
      "order_time": null,
      "ordered_at": null,
      "packing_unit": null,
      "packing_unit_unit": "",
      "parent": null,
      "price": 3.0,
      "price_calculation": "",
      "price_calculator": null,
      "price_unit": "",
      "related_products": [],
      "short_description": "",
      "sku": "",
      "sku_manufacturer": "",
      "slug": "wolfgang-puck-coffee",
      "static_block": null,
      "stock_amount": 0.0,
      "sub_type": "0",
      "supplier": null,
      "tax": null,
      "template": 0,
      "type_of_quantity_field": null,
      "uid": "c9b3ca17-5788-4c03-bce7-2f85677d14db",
      "unit": "",
      "variant_position": 999,
      "variants_display_type": 0,
      "weight": 0.0,
      "width": 0.0
    },
    "model": "catalog.product",
    "pk": 24
  },
  {
    "fields": {
      "content_id": 10,
      "content_type": 28,
      "image": "images/B_Brut_sm.png",
      "position": 10,
      "title": "B_Brut_sm.png"
    },
    "model": "catalog.image",
    "pk": 1
  },
  {
    "fields": {
      "content_id": 1,
      "content_type": 28,
      "image": "images/guenoc_chardonnary.jpeg",
      "position": 10,
      "title": "guenoc_chardonnary.jpeg"
    },
    "model": "catalog.image",
    "pk": 2
  },
  {
    "fields": {
      "content_id": 2,
      "content_type": 28,
      "image": "images/guenoc_sauvignon_blanc.jpeg",
      "position": 10,
      "title": "guenoc_sauvignon_blanc.jpeg"
    },
    "model": "catalog.image",
    "pk": 3
  },
  {
    "fields": {
      "content_id": 3,
      "content_type": 28,
      "image": "images/guenoc_pinot_grigio.jpeg",
      "position": 10,
      "title": "guenoc_pinot_grigio.jpeg"
    },
    "model": "catalog.image",
    "pk": 4
  },
  {
    "fields": {
      "content_id": 4,
      "content_type": 28,
      "image": "images/2010-rodney-strong-estate-chardonnay-sonoma-coast-beautyshot-72ppi.jpg",
      "position": 10,
      "title": "2010-rodney-strong-estate-chardonnay-sonoma-coast-beautyshot-72ppi.jpg"
    },
    "model": "catalog.image",
    "pk": 5
  },
  {
    "fields": {
      "content_id": 5,
      "content_type": 28,
      "image": "images/guenoc_merlot.jpeg",
      "position": 10,
      "title": "guenoc_merlot.jpeg"
    },
    "model": "catalog.image",
    "pk": 6
  },
  {
    "fields": {
      "content_id": 6,
      "content_type": 28,
      "image": "images/guenoc_cabernet.jpeg",
      "position": 10,
      "title": "guenoc_cabernet.jpeg"
    },
    "model": "catalog.image",
    "pk": 7
  },
  {
    "fields": {
      "content_id": 7,
      "content_type": 28,
      "image": "images/2010-rodney-strong-estate-cabernet-sauvignon-alexander-valley-beautyshot-72ppi.jpg",
      "position": 10,
      "title": "2010-rodney-strong-estate-cabernet-sauvignon-alexander-valley-beautyshot-72ppi.jpg"
    },
    "model": "catalog.image",
    "pk": 8
  },
  {
    "fields": {
      "content_id": 8,
      "content_type": 28,
      "image": "images/2010-rodney-strong-estate-pinot-noir-sonoma-coast-beautyshot-72ppi.jpg",
      "position": 10,
      "title": "2010-rodney-strong-estate-pinot-noir-sonoma-coast-beautyshot-72ppi.jpg"
    },
    "model": "catalog.image",
    "pk": 9
  },
  {
    "fields": {
      "content_id": 9,
      "content_type": 28,
      "image": "images/ste_michelle.jpeg",
      "position": 10,
      "title": "ste_michelle.jpeg"
    },
    "model": "catalog.image",
    "pk": 10
  },
  {
    "fields": {
      "content_id": 11,
      "content_type": 28,
      "image": "images/budweiser.jpeg",
      "position": 10,
      "title": "budweiser.jpeg"
    },
    "model": "catalog.image",
    "pk": 11
  },
  {
    "fields": {
      "content_id": 12,
      "content_type": 28,
      "image": "images/bud_light.jpeg",
      "position": 10,
      "title": "bud_light.jpeg"
    },
    "model": "catalog.image",
    "pk": 12
  },
  {
    "fields": {
      "content_id": 13,
      "content_type": 28,
      "image": "images/bud_light_platinum.jpeg",
      "position": 10,
      "title": "bud_light_platinum.jpeg"
    },
    "model": "catalog.image",
    "pk": 13
  },
  {
    "fields": {
      "content_id": 14,
      "content_type": 28,
      "image": "images/spaten.jpeg",
      "position": 10,
      "title": "spaten.jpeg"
    },
    "model": "catalog.image",
    "pk": 14
  },
  {
    "fields": {
      "content_id": 15,
      "content_type": 28,
      "image": "images/broolyn_lager.jpeg",
      "position": 10,
      "title": "broolyn_lager.jpeg"
    },
    "model": "catalog.image",
    "pk": 15
  },
  {
    "fields": {
      "content_id": 16,
      "content_type": 28,
      "image": "images/heineken.jpeg",
      "position": 10,
      "title": "heineken.jpeg"
    },
    "model": "catalog.image",
    "pk": 16
  },
  {
    "fields": {
      "content_id": 17,
      "content_type": 28,
      "image": "images/amstel_light.jpeg",
      "position": 10,
      "title": "amstel_light.jpeg"
    },
    "model": "catalog.image",
    "pk": 17
  },
  {
    "fields": {
      "content_id": 18,
      "content_type": 28,
      "image": "images/pepsi.jpeg",
      "position": 10,
      "title": "pepsi.jpeg"
    },
    "model": "catalog.image",
    "pk": 18
  },
  {
    "fields": {
      "content_id": 19,
      "content_type": 28,
      "image": "images/diet_pepsi.jpeg",
      "position": 10,
      "title": "diet_pepsi.jpeg"
    },
    "model": "catalog.image",
    "pk": 19
  },
  {
    "fields": {
      "content_id": 20,
      "content_type": 28,
      "image": "images/sierra_mist.jpeg",
      "position": 10,
      "title": "sierra_mist.jpeg"
    },
    "model": "catalog.image",
    "pk": 20
  },
  {
    "fields": {
      "content_id": 21,
      "content_type": 28,
      "image": "images/dr_pepper.jpeg",
      "position": 10,
      "title": "dr_pepper.jpeg"
    },
    "model": "catalog.image",
    "pk": 21
  },
  {
    "fields": {
      "content_id": 22,
      "content_type": 28,
      "image": "images/diet_pepsi_1.jpeg",
      "position": 10,
      "title": "diet_pepsi.jpeg"
    },
    "model": "catalog.image",
    "pk": 22
  },
  {
    "fields": {
      "content_id": 23,
      "content_type": 28,
      "image": "images/aquafina.jpeg",
      "position": 10,
      "title": "aquafina.jpeg"
    },
    "model": "catalog.image",
    "pk": 23
  },
  {
    "fields": {
      "content_id": 24,
      "content_type": 28,
      "image": "images/coffee.jpeg",
      "position": 10,
      "title": "coffee.jpeg"
    },
    "model": "catalog.image",
    "pk": 24
  },
  {
    "fields": {
      "content_id": 26,
      "content_type": 28,
      "image": "images/orange_juice.jpeg",
      "position": 10,
      "title": "orange_juice.jpeg"
    },
    "model": "catalog.image",
    "pk": 26
  },
  {
    "fields": {
      "content_id": 27,
      "content_type": 28,
      "image": "images/grapefruit_juice.jpeg",
      "position": 10,
      "title": "grapefruit_juice.jpeg"
    },
    "model": "catalog.image",
    "pk": 27
  },
  {
    "fields": {
      "content_id": 28,
      "content_type": 28,
      "image": "images/pineapple_juice.jpeg",
      "position": 10,
      "title": "pineapple_juice.jpeg"
    },
    "model": "catalog.image",
    "pk": 28
  },
  {
    "fields": {
      "content_id": 25,
      "content_type": 28,
      "image": "images/cran_juice.jpeg",
      "position": 10,
      "title": "cran_juice.jpeg"
    },
    "model": "catalog.image",
    "pk": 29
  },
  {
    "fields": {
      "content_id": 29,
      "content_type": 28,
      "image": "images/hummus_chips.jpeg",
      "position": 10,
      "title": "hummus_chips.jpeg"
    },
    "model": "catalog.image",
    "pk": 30
  },
  {
    "fields": {
      "content_id": 30,
      "content_type": 28,
      "image": "images/cured_meats.jpeg",
      "position": 10,
      "title": "cured_meats.jpeg"
    },
    "model": "catalog.image",
    "pk": 31
  },
  {
    "fields": {
      "content_id": 31,
      "content_type": 28,
      "image": "images/tarragon_chicken.jpeg",
      "position": 10,
      "title": "tarragon_chicken.jpeg"
    },
    "model": "catalog.image",
    "pk": 32
  },
  {
    "fields": {
      "content_id": 32,
      "content_type": 28,
      "image": "images/cheese_plate.jpeg",
      "position": 10,
      "title": "cheese_plate.jpeg"
    },
    "model": "catalog.image",
    "pk": 33
  },
  {
    "fields": {
      "content_id": 33,
      "content_type": 28,
      "image": "images/popcorn.jpeg",
      "position": 10,
      "title": "popcorn.jpeg"
    },
    "model": "catalog.image",
    "pk": 34
  },
  {
    "fields": {
      "content_id": 34,
      "content_type": 28,
      "image": "images/cheesecake.jpeg",
      "position": 10,
      "title": "cheesecake.jpeg"
    },
    "model": "catalog.image",
    "pk": 35
  },
  {
    "fields": {
      "content_id": 35,
      "content_type": 28,
      "image": "images/candy_bars.jpeg",
      "position": 10,
      "title": "candy_bars.jpeg"
    },
    "model": "catalog.image",
    "pk": 36
  },
  {
    "fields": {
      "content_id": 36,
      "content_type": 28,
      "image": "images/choc_covered_strawberries.jpeg",
      "position": 10,
      "title": "choc_covered_strawberries.jpeg"
    },
    "model": "catalog.image",
    "pk": 37
  },
  {
    "fields": {
      "content_id": 37,
      "content_type": 28,
      "image": "images/kahlua.jpeg",
      "position": 10,
      "title": "kahlua.jpeg"
    },
    "model": "catalog.image",
    "pk": 38
  },
  {
    "fields": {
      "content_id": 38,
      "content_type": 28,
      "image": "images/grey_goose.jpeg",
      "position": 10,
      "title": "grey_goose.jpeg"
    },
    "model": "catalog.image",
    "pk": 39
  },
  {
    "fields": {
      "content_id": 39,
      "content_type": 28,
      "image": "images/michters_bourbon.jpeg",
      "position": 10,
      "title": "michters_bourbon.jpeg"
    },
    "model": "catalog.image",
    "pk": 40
  },
  {
    "fields": {
      "content_id": 40,
      "content_type": 28,
      "image": "images/gin_and_tonic.jpeg",
      "position": 10,
      "title": "gin_and_tonic.jpeg"
    },
    "model": "catalog.image",
    "pk": 41
  },
  {
    "fields": {
      "content_id": 41,
      "content_type": 28,
      "image": "images/baileys.jpeg",
      "position": 10,
      "title": "baileys.jpeg"
    },
    "model": "catalog.image",
    "pk": 42
  },
  {
    "fields": {
      "content_id": 42,
      "content_type": 28,
      "image": "images/cosmo.jpeg",
      "position": 10,
      "title": "cosmo.jpeg"
    },
    "model": "catalog.image",
    "pk": 43
  },
  {
    "fields": {
      "description": "",
      "max": 2.0,
      "min": 1.0,
      "unit": 2
    },
    "model": "catalog.deliverytime",
    "pk": 1
  },
  {
    "fields": {
      "method": "export",
      "module": "lfs.export.generic",
      "name": "Generic"
    },
    "model": "export.script",
    "pk": 1
  },
  {
    "fields": {
      "active": true,
      "body": "",
      "exclude_from_navigation": true,
      "file": "",
      "meta_description": "",
      "meta_keywords": "",
      "meta_title": "<title>",
      "position": 999,
      "short_text": "",
      "slug": "",
      "title": "Root"
    },
    "model": "page.page",
    "pk": 1
  },
  {
    "fields": {
      "active": true,
      "body": "Enter your terms and conditions here.",
      "exclude_from_navigation": false,
      "file": "",
      "meta_description": "",
      "meta_keywords": "",
      "meta_title": "<title>",
      "position": 999,
      "short_text": "",
      "slug": "terms-and-conditions",
      "title": "Terms and Conditions"
    },
    "model": "page.page",
    "pk": 2
  },
  {
    "fields": {
      "active": true,
      "body": "Enter your imprint here.",
      "exclude_from_navigation": false,
      "file": "",
      "meta_description": "",
      "meta_keywords": "",
      "meta_title": "<title>",
      "position": 999,
      "short_text": "",
      "slug": "imprint",
      "title": "Imprint"
    },
    "model": "page.page",
    "pk": 3
  },
  {
    "fields": {
      "active": true,
      "deletable": false,
      "description": "",
      "image": "",
      "module": "",
      "name": "Direct debit",
      "note": "",
      "price": 0.0,
      "priority": 1,
      "tax": null,
      "type": 1
    },
    "model": "payment.paymentmethod",
    "pk": 1
  },
  {
    "fields": {
      "active": true,
      "deletable": false,
      "description": "",
      "image": "",
      "module": "",
      "name": "Cash on delivery",
      "note": "",
      "price": 0.0,
      "priority": 2,
      "tax": null,
      "type": 0
    },
    "model": "payment.paymentmethod",
    "pk": 2
  },
  {
    "fields": {
      "active": true,
      "deletable": false,
      "description": "",
      "image": "",
      "module": "lfs_paypal.PayPalProcessor",
      "name": "PayPal",
      "note": "",
      "price": 0.0,
      "priority": 3,
      "tax": null,
      "type": 0
    },
    "model": "payment.paymentmethod",
    "pk": 3
  },
  {
    "fields": {
      "active": true,
      "deletable": false,
      "description": "",
      "image": "",
      "module": "",
      "name": "Prepayment",
      "note": "",
      "price": 0.0,
      "priority": 4,
      "tax": null,
      "type": 0
    },
    "model": "payment.paymentmethod",
    "pk": 4
  },
  {
    "fields": {
      "title": "Cart"
    },
    "model": "portlet.cartportlet",
    "pk": 1
  },
  {
    "fields": {
      "expand_level": 1,
      "start_level": 1,
      "title": "Categories"
    },
    "model": "portlet.categoriesportlet",
    "pk": 1
  },
  {
    "fields": {
      "title": "Information"
    },
    "model": "portlet.pagesportlet",
    "pk": 1
  },
  {
    "fields": {
      "active": true,
      "delivery_time": null,
      "description": "",
      "image": "",
      "name": "Standard",
      "note": "",
      "price": 0.0,
      "price_calculator": "lfs.shipping.GrossShippingMethodPriceCalculator",
      "priority": 1,
      "tax": null
    },
    "model": "shipping.shippingmethod",
    "pk": 1
  },
  {
    "fields": {
      "description": "<p>Dallas area sales tax on products and drinks</p>",
      "rate": 8.25
    },
    "model": "tax.tax",
    "pk": 1
  },
  {
    "fields": {
      "format": "",
      "last": 0
    },
    "model": "lfs_order_numbers.ordernumbergenerator",
    "pk": "order_number"
  },
  {
    "fields": {
      "date_joined": "2012-09-24T15:16:53.993",
      "email": "jgoodleaf@stadi.us",
      "first_name": "",
      "groups": [],
      "is_active": true,
      "is_staff": true,
      "is_superuser": true,
      "last_login": "2013-04-27T23:15:54.588",
      "last_name": "",
      "password": "pbkdf2_sha256$10000$YzzK37HkRMhZ$YcxGLlRZMNVVmWCHR8bBQnzenYMbma4y331nrliC0Uk=",
      "user_permissions": [],
      "username": "jgoodleaf"
    },
    "model": "auth.user",
    "pk": 1
  },
  {
    "fields": {
      "date_joined": "2012-10-05T10:05:52",
      "email": "",
      "first_name": "",
      "groups": [],
      "is_active": true,
      "is_staff": true,
      "is_superuser": true,
      "last_login": "2012-10-05T19:52:55.862",
      "last_name": "",
      "password": "pbkdf2_sha256$10000$lLYDvi3R9gY7$OQmBU4QlCrTr/xq5EwE9qxhYfd6VBAwF/adj7rcpZ28=",
      "user_permissions": [],
      "username": "hoatlevan"
    },
    "model": "auth.user",
    "pk": 2
  },
  {
    "fields": {
      "ia_content_type": 18,
      "ia_object_id": 1,
      "sa_content_type": 18,
      "sa_object_id": 2,
      "selected_bank_account": null,
      "selected_country": null,
      "selected_credit_card": null,
      "selected_payment_method": 1,
      "selected_shipping_method": 1,
      "session": "965e2420109067f0e9f1c09a48cb05fe",
      "user": null
    },
    "model": "customer.customer",
    "pk": 1
  },
  {
    "fields": {
      "ia_content_type": 18,
      "ia_object_id": 3,
      "sa_content_type": 18,
      "sa_object_id": 4,
      "selected_bank_account": null,
      "selected_country": null,
      "selected_credit_card": null,
      "selected_payment_method": 1,
      "selected_shipping_method": 1,
      "session": "d9b515d00fdc0cb45ee299394837536d",
      "user": null
    },
    "model": "customer.customer",
    "pk": 2
  },
  {
    "fields": {
      "ia_content_type": 18,
      "ia_object_id": 5,
      "sa_content_type": 18,
      "sa_object_id": 6,
      "selected_bank_account": null,
      "selected_country": 1,
      "selected_credit_card": null,
      "selected_payment_method": 1,
      "selected_shipping_method": 1,
      "session": "0a3a8a9149a1024f932ed76a68d6eabc",
      "user": null
    },
    "model": "customer.customer",
    "pk": 3
  },
  {
    "fields": {
      "action_flag": 2,
      "action_time": "2012-10-05T10:06:16.900",
      "change_message": "Changed password, is_staff and is_superuser.",
      "content_type": 4,
      "object_id": "2",
      "object_repr": "hoatlevan",
      "user": 1
    },
    "model": "admin.logentry",
    "pk": 2
  },
  {
    "fields": {
      "action_flag": 1,
      "action_time": "2012-10-05T10:05:52.843",
      "change_message": "",
      "content_type": 4,
      "object_id": "2",
      "object_repr": "hoatlevan",
      "user": 1
    },
    "model": "admin.logentry",
    "pk": 1
  }
]
